puzzle_id,seconds_spent_solving,author,editor,format_type,print_date,publish_type,title,version,percent_filled,solved,star,day
19785,,Peter Wentz,Will Shortz,Normal,2022-01-01,Daily,,0,0,False,,Saturday
19784,,Paolo Pasco,Will Shortz,Normal,2022-01-02,Daily,Color Mixing,0,0,False,,Sunday
19802,1339.0,Beth Rubin and Trent H. Evans,Will Shortz,Normal,2022-01-03,Daily,,0,100,True,,Monday
19807,1236.0,David Bukszpan,Will Shortz,Normal,2022-01-04,Daily,,0,100,True,,Tuesday
19804,,Damon Gulczynski,Will Shortz,Normal,2022-01-05,Daily,,0,0,False,,Wednesday
19805,,Andrew Linzer,Will Shortz,Normal,2022-01-06,Daily,,0,0,False,,Thursday
19806,,Robyn Weintraub,Will Shortz,Normal,2022-01-07,Daily,,0,0,False,,Friday
19803,,Freddie Cheng,Will Shortz,Normal,2022-01-08,Daily,,0,0,False,,Saturday
19783,,Timothy Polin,Will Shortz,Normal,2022-01-09,Daily,Food for Thought,0,0,False,,Sunday
19821,1078.0,Lynn Lempel,Will Shortz,Normal,2022-01-10,Daily,,0,100,True,,Monday
19819,794.0,Ross Trudeau,Will Shortz,Normal,2022-01-11,Daily,,0,100,True,,Tuesday
19818,,Adam Aaronson,Will Shortz,Normal,2022-01-12,Daily,,0,0,False,,Wednesday
19817,,Karen Lurie,Will Shortz,Normal,2022-01-13,Daily,,0,0,False,,Thursday
19820,,Matthew Stock and Sid Sivakumar,Will Shortz,Normal,2022-01-14,Daily,,0,0,False,,Friday
19816,,Sam Ezersky,Will Shortz,Normal,2022-01-15,Daily,,0,0,False,,Saturday
19815,,Derrick Niederman,Will Shortz,Normal,2022-01-16,Daily,Playing the Hits,0,0,False,,Sunday
19832,1196.0,Evan Mahnken,Will Shortz,Normal,2022-01-17,Daily,,0,100,True,,Monday
19837,1239.0,Kate Schutzengel,Will Shortz,Normal,2022-01-18,Daily,,0,85,False,,Tuesday
19834,,Ori Brian,Will Shortz,Normal,2022-01-19,Daily,,0,0,False,,Wednesday
19831,,Howard Barkin,Will Shortz,Normal,2022-01-20,Daily,,0,0,False,,Thursday
19835,,Kyle Dolan,Will Shortz,Normal,2022-01-21,Daily,,0,0,False,,Friday
19833,,Daniel Okulitch,Will Shortz,Normal,2022-01-22,Daily,,0,0,False,,Saturday
19836,,Nancy Stark and Will Nediger,Will Shortz,Normal,2022-01-23,Daily,Turns of Phrase,0,0,False,,Sunday
19851,1367.0,John Guzzetta,Will Shortz,Normal,2022-01-24,Daily,,0,100,True,,Monday
19855,800.0,Ray Brunsberg and Ellen Brunsberg,Will Shortz,Normal,2022-01-25,Daily,,0,69,False,,Tuesday
19854,,Michael Schlossberg,Will Shortz,Normal,2022-01-26,Daily,,0,0,False,,Wednesday
19849,11.0,Lewis Rothlein and Jeff Chen,Will Shortz,Normal,2022-01-27,Daily,,0,3,False,,Thursday
19853,,Jem Burch,Will Shortz,Normal,2022-01-28,Daily,,0,0,False,,Friday
19852,,Andrew Ries and Caitlin Reid,Will Shortz,Normal,2022-01-29,Daily,,0,0,False,,Saturday
19850,,Ross Trudeau,Will Shortz,Normal,2022-01-30,Daily,Watch Your Step!,0,0,False,,Sunday
19870,1056.0,Eric Bornstein,Will Shortz,Normal,2022-01-31,Daily,,0,100,True,,Monday
19874,876.0,Zhouqin Burnikel,Will Shortz,Normal,2022-02-01,Daily,,0,77,False,,Tuesday
19875,,Meredith Colton Hazy,Will Shortz,Normal,2022-02-02,Daily,,0,0,False,,Wednesday
19873,,Adam Wagner,Will Shortz,Normal,2022-02-03,Daily,,0,0,False,,Thursday
19876,,Joseph Greenbaum,Will Shortz,Normal,2022-02-04,Daily,,0,0,False,,Friday
19871,,Kameron Austin Collins,Will Shortz,Normal,2022-02-05,Daily,,0,0,False,,Saturday
19872,,Stephen McCarthy,Will Shortz,Normal,2022-02-06,Daily,Sci-Fi Showdown,0,0,False,,Sunday
19895,735.0,Rebecca Goldstein,Will Shortz,Normal,2022-02-07,Daily,,0,100,True,,Monday
19900,498.0, Jack Joshi and Jackson Janes and Adam Aaronson,Will Shortz,Normal,2022-02-08,Daily,,0,82,False,,Tuesday
19896,,Grant Thackray,Will Shortz,Normal,2022-02-09,Daily,,0,0,False,,Wednesday
19897,,August Miller,Will Shortz,Normal,2022-02-10,Daily,,0,0,False,,Thursday
19894,,Trenton Charlson,Will Shortz,Normal,2022-02-11,Daily,,0,0,False,,Friday
19898,,Mary Lou Guizzo,Will Shortz,Normal,2022-02-12,Daily,,0,0,False,,Saturday
19899,,David Steinberg,Will Shortz,Normal,2022-02-13,Daily,Change of Heart,0,0,False,,Sunday
19917,1136.0,Alan Siegel,Will Shortz,Normal,2022-02-14,Daily,,0,100,True,,Monday
19918,42.0,Claire Rimkus,Will Shortz,Normal,2022-02-15,Daily,,0,2,False,,Tuesday
19914,,Rich Proulx,Will Shortz,Normal,2022-02-16,Daily,,0,0,False,,Wednesday
19916,487.0,Aaron M. Rosenberg,Will Shortz,Normal,2022-02-17,Daily,,0,32,False,,Thursday
19915,,Aimee Lucido,Will Shortz,Normal,2022-02-18,Daily,,0,0,False,,Friday
19913,,Billy Bratton,Will Shortz,Normal,2022-02-19,Daily,,0,0,False,,Saturday
19912,,Victor Barocas,Will Shortz,Normal,2022-02-20,Daily,Pardon My French,0,0,False,,Sunday
19935,294.0,Natalie Murphy,Will Shortz,Normal,2022-02-21,Daily,,0,47,False,,Monday
19929,736.0,Jacob McDermott,Will Shortz,Normal,2022-02-22,Daily,,0,41,False,,Tuesday
19930,,Rose Conlon,Will Shortz,Normal,2022-02-23,Daily,,0,0,False,,Wednesday
19931,,Jake Halperin,Will Shortz,Normal,2022-02-24,Daily,,0,0,False,,Thursday
19934,,Damon Gulczynski,Will Shortz,Normal,2022-02-25,Daily,,0,0,False,,Friday
19933,,Ori Brian,Will Shortz,Normal,2022-02-26,Daily,,0,0,False,,Saturday
19932,,Sheldon Polonsky,Will Shortz,Normal,2022-02-27,Daily,Cinemagrams,0,0,False,,Sunday
19947,1092.0,Zach Sherwin and Andrea Carla Michaels,Will Shortz,Normal,2022-02-28,Daily,,0,58,False,,Monday
19946,873.0,Lisa Senzel and Jeff Chen,Will Shortz,Normal,2022-03-01,Daily,,0,100,True,,Tuesday
19945,,Dylan Schiff,Will Shortz,Normal,2022-03-02,Daily,,0,0,False,,Wednesday
19944,,August Lee-Kovach,Will Shortz,Normal,2022-03-03,Daily,,0,0,False,,Thursday
19943,,David Distenfeld,Will Shortz,Normal,2022-03-04,Daily,,0,0,False,,Friday
19948,,Nam Jin Yoon,Will Shortz,Normal,2022-03-05,Daily,,0,0,False,,Saturday
19942,,Matthew Stock and Will Nediger,Will Shortz,Normal,2022-03-06,Daily,Parlor Trick,0,0,False,,Sunday
19958,1695.0,Sam Acker,Will Shortz,Normal,2022-03-07,Daily,,0,100,True,,Monday
19964,298.0,Mary Lou Guizzo,Will Shortz,Normal,2022-03-08,Daily,,0,44,False,,Tuesday
19959,,Peter Gordon,Will Shortz,Normal,2022-03-09,Daily,,0,0,False,,Wednesday
19963,,John Westwig,Will Shortz,Normal,2022-03-10,Daily,,0,0,False,,Thursday
19960,,Robyn Weintraub,Will Shortz,Normal,2022-03-11,Daily,,0,0,False,,Friday
19962,,Natan Last,Will Shortz,Normal,2022-03-12,Daily,,0,0,False,,Saturday
19961,,Christina Iverson and Katie Hale,Will Shortz,Normal,2022-03-13,Daily,Body Language,0,0,False,,Sunday
19978,1039.0,Stephen Hiltner,Will Shortz,Normal,2022-03-14,Daily,,0,100,True,,Monday
19977,935.0,Michael Lieberman,Will Shortz,Normal,2022-03-15,Daily,,0,100,True,,Tuesday
19976,,Joseph Gangi,Will Shortz,Normal,2022-03-16,Daily,,0,0,False,,Wednesday
19975,,Daniel Bodily and Jeff Chen,Will Shortz,Normal,2022-03-17,Daily,,0,0,False,,Thursday
19973,,Claire Rimkus and Brooke Husic,Will Shortz,Normal,2022-03-18,Daily,,0,0,False,,Friday
19972,,Ryan McCarty,Will Shortz,Normal,2022-03-19,Daily,,0,0,False,,Saturday
19974,,Brad Wiegmann,Will Shortz,Normal,2022-03-20,Daily,Exes & Nos,0,0,False,,Sunday
19989,776.0,John Ewbank and Jeff Chen,Will Shortz,Normal,2022-03-21,Daily,,0,100,True,,Monday
19994,480.0,Adam Wagner,Will Shortz,Normal,2022-03-22,Daily,,0,60,False,,Tuesday
19993,,Barbara Lin,Will Shortz,Normal,2022-03-23,Daily,,0,0,False,,Wednesday
19992,,Jess Shulman,Will Shortz,Normal,2022-03-24,Daily,,0,0,False,,Thursday
19990,,Evans Clinchy,Will Shortz,Normal,2022-03-25,Daily,,0,0,False,,Friday
19991,,Ashton Anderson and James Mulhern,Will Shortz,Normal,2022-03-26,Daily,,0,0,False,,Saturday
19995,,August Lee-Kovach,Will Shortz,Normal,2022-03-27,Daily,I'm Still Standing,0,0,False,,Sunday
20016,1003.0,Leslie Rogers,Will Shortz,Normal,2022-03-28,Daily,,0,100,True,,Monday
20014,431.0,Jamey Smith,Will Shortz,Normal,2022-03-29,Daily,,0,48,False,,Tuesday
20015,,Jack Murtagh,Will Shortz,Normal,2022-03-30,Daily,,0,0,False,,Wednesday
20013,,Oliver Roeder,Will Shortz,Normal,2022-03-31,Daily,,0,0,False,,Thursday
20012,,Evan Mahnken,Will Shortz,Normal,2022-04-01,Daily,,0,0,False,,Friday
20011,,Kyle Dolan,Will Shortz,Normal,2022-04-02,Daily,,0,0,False,,Saturday
20010,,Byron Walden,Will Shortz,Normal,2022-04-03,Daily,Soft Options,0,0,False,,Sunday
20030,1105.0,Derek J. Angell,Will Shortz,Normal,2022-04-04,Daily,,0,100,True,,Monday
20029,1037.0,Bruce Haight,Will Shortz,Normal,2022-04-05,Daily,,0,52,False,,Tuesday
20027,,Damon Gulczynski,Will Shortz,Normal,2022-04-06,Daily,,0,0,False,,Wednesday
20028,,Lucy Howard and Ross Trudeau,Will Shortz,Normal,2022-04-07,Daily,,0,0,False,,Thursday
20026,,Caitlin Reid,Will Shortz,Normal,2022-04-08,Daily,,0,0,False,,Friday
20025,,Sam Buchbinder,Will Shortz,Normal,2022-04-09,Daily,,0,0,False,,Saturday
20024,,David W. Tuffs,Will Shortz,Normal,2022-04-10,Daily,Ordering Seconds,0,0,False,,Sunday
20040,1453.0,Rachel Simon,Will Shortz,Normal,2022-04-11,Daily,,0,100,True,,Monday
20041,468.0,Dan Schoenholz,Will Shortz,Normal,2022-04-12,Daily,,0,43,False,,Tuesday
20042,41.0,Rebecca Goldstein,Will Shortz,Normal,2022-04-13,Daily,,0,0,False,,Wednesday
20043,,Ashish Vengsarkar and Narayan Venkatasubramanyan,Will Shortz,Normal,2022-04-14,Daily,,0,0,False,,Thursday
20046,,Trenton Charlson,Will Shortz,Normal,2022-04-15,Daily,,0,0,False,,Friday
20044,,Hemant Mehta,Will Shortz,Normal,2022-04-16,Daily,,0,0,False,,Saturday
20045,,Emet Ozar,Will Shortz,Normal,2022-04-17,Daily,On the Hunt,0,0,False,,Sunday
20066,1139.0,Carl Larson,Will Shortz,Normal,2022-04-18,Daily,,0,100,True,,Monday
20068,1240.0,Olivia Mitra Framke,Will Shortz,Normal,2022-04-19,Daily,,0,100,True,,Tuesday
20067,,Joseph Greenbaum,Will Shortz,Normal,2022-04-20,Daily,,0,0,False,,Wednesday
20064,,Max Chen Lauring,Will Shortz,Normal,2022-04-21,Daily,,0,0,False,,Thursday
20063,,Daniel Sheremeta,Will Shortz,Normal,2022-04-22,Daily,,0,0,False,,Friday
20065,,Matthew Stock,Will Shortz,Normal,2022-04-23,Daily,,0,0,False,,Saturday
20062,,Sam Ezersky,Will Shortz,Normal,2022-04-24,Daily,Magazine Racket,0,0,False,,Sunday
20086,1046.0,Li Ding,Will Shortz,Normal,2022-04-25,Daily,,0,100,True,,Monday
20090,1183.0,Simon Marotte,Will Shortz,Normal,2022-04-26,Daily,,0,100,True,,Tuesday
20087,,Alex Bajcz,Will Shortz,Normal,2022-04-27,Daily,,0,0,False,,Wednesday
20084,,Pao Roy,Will Shortz,Normal,2022-04-28,Daily,,0,0,False,,Thursday
20088,,Erica Hsiung Wojcik,Will Shortz,Normal,2022-04-29,Daily,,0,0,False,,Friday
20085,,Joe DiPietro,Will Shortz,Normal,2022-04-30,Daily,,0,0,False,,Saturday
20089,,Brandon Koppy,Will Shortz,Normal,2022-05-01,Daily,Blank Expressions,0,0,False,,Sunday
20106,1014.0,Erik Agard,Will Shortz,Normal,2022-05-02,Daily,,0,100,True,,Monday
20111,271.0,Julian Lim,Will Shortz,Normal,2022-05-03,Daily,,0,34,False,,Tuesday
20110,2.0,Eric Bornstein,Will Shortz,Normal,2022-05-04,Daily,,0,0,False,,Wednesday
20112,,Adam Wagner,Will Shortz,Normal,2022-05-05,Daily,,0,0,False,,Thursday
20108,,Aaron Ullman,Will Shortz,Normal,2022-05-06,Daily,,0,0,False,,Friday
20109,,Rachel Fabi,Will Shortz,Normal,2022-05-07,Daily,,0,0,False,,Saturday
20107,,Matthew Stock and Chandi Deitmer,Will Shortz,Normal,2022-05-08,Daily,Two-by-Two,0,0,False,,Sunday
20141,1878.0,August Miller,Will Shortz,Normal,2022-05-09,Daily,,0,100,True,,Monday
20143,1379.0,Lou Weiss,Will Shortz,Normal,2022-05-10,Daily,,0,100,True,,Tuesday
20140,,Michael Paleos,Will Shortz,Normal,2022-05-11,Daily,,0,0,False,,Wednesday
20142,,Ross Trudeau,Will Shortz,Normal,2022-05-12,Daily,,0,0,False,,Thursday
20144,,Brooke Husic and Nam Jin Yoon,Will Shortz,Normal,2022-05-13,Daily,,0,0,False,,Friday
20139,,Ada Nicolle,Will Shortz,Normal,2022-05-14,Daily,,0,0,False,,Saturday
20138,300.0,Daniel Mauer,Will Shortz,Normal,2022-05-15,Daily,Way Out West,0,14,False,,Sunday
20055,1270.0,Lynn Lempel,Will Shortz,Normal,2022-05-16,Daily,,0,100,True,,Monday
20057,251.0,Richard D. Allen,Will Shortz,Normal,2022-05-17,Daily,,0,20,False,,Tuesday
20052,,Andy Kravis,Will Shortz,Normal,2022-05-18,Daily,,0,0,False,,Wednesday
20077,,Alex Rosen,Will Shortz,Normal,2022-05-19,Daily,,0,0,False,,Thursday
20074,,Hal Moore,Will Shortz,Normal,2022-05-20,Daily,,0,0,False,,Friday
20078,,Ryan McCarty and Yacob Yonas,Will Shortz,Normal,2022-05-21,Daily,,0,0,False,,Saturday
20098,,David and Karen and Paul Steinberg,Will Shortz,Normal,2022-05-22,Daily,Parting Ways,0,0,False,,Sunday
20094,870.0,Simon Marotte,Will Shortz,Normal,2022-05-23,Daily,,0,100,True,,Monday
20096,546.0,Ella Dershowitz,Will Shortz,Normal,2022-05-24,Daily,,0,49,False,,Tuesday
20097,,Christopher Youngs,Will Shortz,Normal,2022-05-25,Daily,,0,0,False,,Wednesday
20102,,Jonathan M. Kaye,Will Shortz,Normal,2022-05-26,Daily,,0,0,False,,Thursday
20101,,David Distenfeld,Will Shortz,Normal,2022-05-27,Daily,,0,0,False,,Friday
20100,,Joseph Greenbaum,Will Shortz,Normal,2022-05-28,Daily,,0,0,False,,Saturday
20116,338.0,Daniel Bodily and Jeff Chen,Will Shortz,Normal,2022-05-29,Daily,A Monumental Centennial,0,16,False,,Sunday
20124,1007.0,Alexander Liebeskind,Will Shortz,Normal,2022-05-30,Daily,,0,100,True,Gold,Monday
20117,1317.0,Sam Buchbinder and Brad Wilber,Will Shortz,Normal,2022-05-31,Daily,,0,100,True,Gold,Tuesday
20126,343.0,Chase Dittrich,Will Shortz,Normal,2022-06-01,Daily,,0,42,False,,Wednesday
20125,222.0,Michael Lieberman,Will Shortz,Normal,2022-06-02,Daily,,0,3,False,,Thursday
20122,,Robyn Weintraub,Will Shortz,Normal,2022-06-03,Daily,,0,0,False,,Friday
20123,,Scott Earl,Will Shortz,Normal,2022-06-04,Daily,,0,0,False,,Saturday
20075,,Christina Iverson and Katie Hale,Will Shortz,Normal,2022-06-05,Daily,Let's Get Literature,0,0,False,,Sunday
20129,1160.0,Michael Schlossberg,Will Shortz,Normal,2022-06-06,Daily,,0,100,True,,Monday
20130,1660.0,Carly Schuna,Will Shortz,Normal,2022-06-07,Daily,,0,100,True,,Tuesday
20131,,Bruce Haight,Will Shortz,Normal,2022-06-08,Daily,,0,0,False,,Wednesday
20132,,Dan Ziring,Will Shortz,Normal,2022-06-09,Daily,,0,0,False,,Thursday
20133,,Blake Slonecker,Will Shortz,Normal,2022-06-10,Daily,,0,0,False,,Friday
20135,,Sid Sivakumar,Will Shortz,Normal,2022-06-11,Daily,,0,0,False,,Saturday
20136,,Will Nediger,Will Shortz,Normal,2022-06-12,Daily,Didn't We Just Have This?,0,0,False,,Sunday
20162,1512.0,Hoang-Kim Vu and Jessica Zetzman,Will Shortz,Normal,2022-06-13,Daily,,0,100,True,Gold,Monday
20163,1278.0,Robert Won,Will Shortz,Normal,2022-06-14,Daily,,0,100,True,,Tuesday
20158,46.0,Rob Baker,Will Shortz,Normal,2022-06-15,Daily,,0,7,False,,Wednesday
20166,,Parker Higgins and Ross Trudeau,Will Shortz,Normal,2022-06-16,Daily,,0,0,False,,Thursday
20169,,Pao Roy,Will Shortz,Normal,2022-06-17,Daily,,0,0,False,,Friday
20172,,Brooke Husic,Will Shortz,Normal,2022-06-18,Daily,,0,0,False,,Saturday
20168,,Jeremy Newton,Will Shortz,Normal,2022-06-19,Daily,Some Light Reading,0,0,False,,Sunday
20186,1369.0,Christopher Youngs,Will Shortz,Normal,2022-06-20,Daily,,0,100,True,,Monday
20178,1373.0,Alex Eaton-Salners,Will Shortz,Normal,2022-06-21,Daily,,0,100,True,,Tuesday
20181,1146.0,Kate Hawkins,Will Shortz,Normal,2022-06-22,Daily,,0,100,True,,Wednesday
20182,850.0,Jeff Chen,Will Shortz,Normal,2022-06-23,Daily,,0,62,False,,Thursday
20183,,Sophia Maymudes and Margaret Seikel,Will Shortz,Normal,2022-06-24,Daily,,0,0,False,,Friday
20188,438.0,Adam Aaronson,Will Shortz,Normal,2022-06-25,Daily,,0,28,False,,Saturday
20184,4199.0,Matthew Stock and Finn Vigeland,Will Shortz,Normal,2022-06-26,Daily,Bonus Features,0,100,True,,Sunday
20196,917.0,Drew Schmenner,Will Shortz,Normal,2022-06-27,Daily,,0,100,True,Gold,Monday
20200,1070.0,Scott Graham,Will Shortz,Normal,2022-06-28,Daily,,0,100,True,,Tuesday
20185,598.0,Jared Goudsmit,Will Shortz,Normal,2022-06-29,Daily,,0,40,False,,Wednesday
20207,,Samuel A. Donaldson and Doug Peterson,Will Shortz,Normal,2022-06-30,Daily,,0,0,False,,Thursday
20206,,Christina Iverson and Caitlin Reid,Will Shortz,Normal,2022-07-01,Daily,,0,0,False,,Friday
20197,,Evan Kalish,Will Shortz,Normal,2022-07-02,Daily,,0,0,False,,Saturday
20195,152.0,Tom McCoy,Will Shortz,Normal,2022-07-03,Daily,Expansion Pack,0,4,False,,Sunday
20213,1140.0,Bruce Haight,Will Shortz,Normal,2022-07-04,Daily,,0,100,True,,Monday
20214,1239.0,Malgorzata Nowakowska and Eileen Williams,Will Shortz,Normal,2022-07-05,Daily,,0,100,True,Gold,Tuesday
20215,694.0,Sam Koperwas and Jeff Chen,Will Shortz,Normal,2022-07-06,Daily,,0,30,False,,Wednesday
20216,33.0,Philip Wolfe,Will Shortz,Normal,2022-07-07,Daily,,0,0,False,,Thursday
20217,,Kyle Dolan,Will Shortz,Normal,2022-07-08,Daily,,0,0,False,,Friday
20218,,Kevin G. Der,Will Shortz,Normal,2022-07-09,Daily,,0,0,False,,Saturday
20219,,Christina Iverson and Scott Hogan,Will Shortz,Normal,2022-07-10,Daily,Movin' On Up,0,0,False,,Sunday
20232,655.0,Roy Greim,Will Shortz,Normal,2022-07-11,Daily,,0,100,True,Gold,Monday
20233,2527.0,Karen Steinberg,Will Shortz,Normal,2022-07-12,Daily,,0,100,True,Gold,Tuesday
20234,38.0,Addison Snell,Will Shortz,Normal,2022-07-13,Daily,,0,0,False,,Wednesday
20235,44.0,Alan Arbesfeld,Will Shortz,Normal,2022-07-14,Daily,,0,0,False,,Thursday
20236,,Matthew Stock and Nam Jin Yoon,Will Shortz,Normal,2022-07-15,Daily,,0,0,False,,Friday
20237,,Kameron Austin Collins,Will Shortz,Normal,2022-07-16,Daily,,0,0,False,,Saturday
20242,924.0,Greg Slovacek,Will Shortz,Normal,2022-07-17,Daily,It's All On the Table,0,27,False,,Sunday
20249,851.0,Phoebe Gordon,Will Shortz,Normal,2022-07-18,Daily,,0,100,True,Gold,Monday
20250,1669.0,Andy Kravis,Will Shortz,Normal,2022-07-19,Daily,,0,100,True,,Tuesday
20251,285.0,Josh Kindler,Will Shortz,Normal,2022-07-20,Daily,,0,24,False,,Wednesday
20252,,Anne Marie Crinnion and Eric Bornstein,Will Shortz,Normal,2022-07-21,Daily,,0,0,False,,Thursday
20267,,David Steinberg,Will Shortz,Normal,2022-07-22,Daily,,0,0,False,,Friday
20245,,John Lieb,Will Shortz,Normal,2022-07-23,Daily,,0,0,False,,Saturday
20258,,Jessie Trudeau and Ross Trudeau,Will Shortz,Normal,2022-07-24,Daily,Going Somewhere?,0,0,False,,Sunday
20263,1354.0,Michael T. Buerke,Will Shortz,Normal,2022-07-25,Daily,,0,100,True,Gold,Monday
20264,1421.0,Lillian Simpson,Will Shortz,Normal,2022-07-26,Daily,,0,100,True,,Tuesday
20265,,Enrique Henestroza Anguiano,Will Shortz,Normal,2022-07-27,Daily,,0,0,False,,Wednesday
20266,,Bill Pipal and Jeff Chen,Will Shortz,Normal,2022-07-28,Daily,,0,0,False,,Thursday
20276,,Robyn Weintraub,Will Shortz,Normal,2022-07-29,Daily,,0,0,False,,Friday
20268,,Lance Enfinger,Will Shortz,Normal,2022-07-30,Daily,,0,0,False,,Saturday
20277,,Jesse Goldberg,Will Shortz,Normal,2022-07-31,Daily,"Why? Well, Why Not?",0,0,False,,Sunday
20284,918.0,Garrett Chalfin,Will Shortz,Normal,2022-08-01,Daily,,0,100,True,Gold,Monday
20285,1531.0,Jay Kaskel and Daniel Kantor,Will Shortz,Normal,2022-08-02,Daily,,0,100,True,,Tuesday
20278,,Daniel Bodily,Will Shortz,Normal,2022-08-03,Daily,,0,0,False,,Wednesday
20286,344.0,Ella Dershowitz,Will Shortz,Normal,2022-08-04,Daily,,0,27,False,,Thursday
20288,,Erik Agard and Brooke Husic,Will Shortz,Normal,2022-08-05,Daily,,0,0,False,,Friday
20290,4.0,Byron Walden,Will Shortz,Normal,2022-08-06,Daily,,0,0,False,,Saturday
20292,,Tina Labadie,Will Shortz,Normal,2022-08-07,Daily,Letterplay,0,0,False,,Sunday
20298,1057.0,Kathy Lowden,Will Shortz,Normal,2022-08-08,Daily,,0,100,True,,Monday
20299,1113.0,Bruce Haight,Will Shortz,Normal,2022-08-09,Daily,,0,100,True,,Tuesday
20300,,Karen Lurie,Will Shortz,Normal,2022-08-10,Daily,,0,0,False,,Wednesday
20301,,David Tuffs,Will Shortz,Normal,2022-08-11,Daily,,0,0,False,,Thursday
20303,,Trent H. Evans,Will Shortz,Normal,2022-08-12,Daily,,0,0,False,,Friday
20302,,John Westwig,Will Shortz,Normal,2022-08-13,Daily,,0,0,False,,Saturday
20309,19.0,Jeff Chen and Jim Horne,Will Shortz,Normal,2022-08-14,Daily,In the Money,0,0,False,,Sunday
20320,849.0,Simon Marotte,Will Shortz,Normal,2022-08-15,Daily,,0,100,True,Gold,Monday
20321,1459.0,Sue Fracker,Will Shortz,Normal,2022-08-16,Daily,,0,100,True,,Tuesday
20319,,Michael Paleos,Will Shortz,Normal,2022-08-17,Daily,,0,0,False,,Wednesday
20322,,Adam Wagner,Will Shortz,Normal,2022-08-18,Daily,,0,0,False,,Thursday
20323,,Patrick John Duggan,Will Shortz,Normal,2022-08-19,Daily,,0,0,False,,Friday
20330,,Hemant Mehta,Will Shortz,Normal,2022-08-20,Daily,,0,0,False,,Saturday
20324,,Brooke Husic and Will Nediger,Will Shortz,Normal,2022-08-21,Daily,Stacking Up,0,0,False,,Sunday
20331,1512.0,Doug Burnikel and Zhouqin Burnikel,Will Shortz,Normal,2022-08-22,Daily,,0,100,True,Gold,Monday
20333,1350.0,Trey Mendez,Will Shortz,Normal,2022-08-23,Daily,,0,100,True,,Tuesday
20332,161.0,Colin Ernst,Will Shortz,Normal,2022-08-24,Daily,,0,17,False,,Wednesday
20336,,Olivia Mitra Framke and Andrea Carla Michaels,Will Shortz,Normal,2022-08-25,Daily,,0,0,False,,Thursday
20334,,Robert Logan,Will Shortz,Normal,2022-08-26,Daily,,0,0,False,,Friday
20335,,Andrew Linzer,Will Shortz,Normal,2022-08-27,Daily,,0,0,False,,Saturday
20341,,Ori Brian,Will Shortz,Normal,2022-08-28,Daily,Animal Hybrids,0,0,False,,Sunday
20358,874.0,Chase Dittrich and Jeff Chen,Will Shortz,Normal,2022-08-29,Daily,,0,100,True,,Monday
20346,929.0,Emily Carroll,Will Shortz,Normal,2022-08-30,Daily,,0,100,True,,Tuesday
20360,,Joe Deeney,Will Shortz,Normal,2022-08-31,Daily,,0,0,False,,Wednesday
20363,,John Wrenholt,Will Shortz,Normal,2022-09-01,Daily,,0,0,False,,Thursday
20351,,Claire Rimkus,Will Shortz,Normal,2022-09-02,Daily,,0,0,False,,Friday
20362,,David Distenfeld,Will Shortz,Normal,2022-09-03,Daily,,0,0,False,,Saturday
20352,129.0,Tracy Gray,Will Shortz,Normal,2022-09-04,Daily,Ups and Downs,0,5,False,,Sunday
20361,1277.0,Adam Simpson,Will Shortz,Normal,2022-09-05,Daily,,0,100,True,,Monday
20364,1792.0,Trenton Charlson,Will Shortz,Normal,2022-09-06,Daily,,0,100,True,,Tuesday
20365,1256.0,Ekua Ewool,Will Shortz,Normal,2022-09-07,Daily,,0,47,False,,Wednesday
20368,,Matthew Stock,Will Shortz,Normal,2022-09-08,Daily,,0,0,False,,Thursday
20369,,Brandon Koppy,Will Shortz,Normal,2022-09-09,Daily,,0,0,False,,Friday
20372,,Kameron Austin Collins,Will Shortz,Normal,2022-09-10,Daily,,0,0,False,,Saturday
20381,,Derrick Niederman,Will Shortz,Normal,2022-09-11,Daily,Opposites Attract,0,0,False,,Sunday
20383,1576.0,Michael Lieberman,Will Shortz,Normal,2022-09-12,Daily,,0,100,True,Gold,Monday
20380,1541.0,Adam Wagner,Will Shortz,Normal,2022-09-13,Daily,,0,100,True,,Tuesday
20385,380.0,Michael Dewey,Will Shortz,Normal,2022-09-14,Daily,,0,33,False,,Wednesday
20373,21.0,Ruth Bloomfield Margolin,Will Shortz,Normal,2022-09-15,Daily,,0,0,False,,Thursday
20374,,Juliana Tringali Golden,Will Shortz,Normal,2022-09-16,Daily,,0,0,False,,Friday
20387,,Grant Thackray,Will Shortz,Normal,2022-09-17,Daily,,0,0,False,,Saturday
20386,,Katie Hale,Will Shortz,Normal,2022-09-18,Daily,Because I Said So!,0,0,False,,Sunday
20404,1330.0,Leslie Young and Andrea Carla Michaels,Will Shortz,Normal,2022-09-19,Daily,,0,100,True,Gold,Monday
20406,1319.0,Rebecca Goldstein and Rachel Fabi,Will Shortz,Normal,2022-09-20,Daily,,0,100,True,,Tuesday
20396,1362.0,Matthew Stock,Will Shortz,Normal,2022-09-21,Daily,,0,100,True,,Wednesday
20398,996.0,Helen Chen,Will Shortz,Normal,2022-09-22,Daily,,0,62,False,,Thursday
20407,617.0,Erik Agard,Will Shortz,Normal,2022-09-23,Daily,,0,48,False,,Friday
20405,22.0,Martin Ashwood-Smith,Will Shortz,Normal,2022-09-24,Daily,,0,0,False,,Saturday
20412,212.0,Meghan Morris,Will Shortz,Normal,2022-09-25,Daily,Take Two,0,6,False,,Sunday
20460,690.0,Margaret Seikel,Will Shortz,Normal,2022-09-26,Daily,,0,100,True,Gold,Monday
20446,982.0,Peter Koetters,Will Shortz,Normal,2022-09-27,Daily,,0,100,True,Gold,Tuesday
20433,475.0,Jeff Stillman,Will Shortz,Normal,2022-09-28,Daily,,0,43,False,,Wednesday
20440,27.0,Jeremy Newton,Will Shortz,Normal,2022-09-29,Daily,,0,0,False,,Thursday
20443,,David Karp,Will Shortz,Normal,2022-09-30,Daily,,0,0,False,,Friday
20455,,Natan Last,Will Shortz,Normal,2022-10-01,Daily,,0,0,False,,Saturday
20444,81.0,Kathy Bloomer,Will Shortz,Normal,2022-10-02,Daily,Le Puzzle,0,5,False,,Sunday
20571,949.0,Sarah Sinclair,Will Shortz,Normal,2022-10-03,Daily,,0,100,True,Gold,Monday
20498,1358.0,Joe Deeney,Will Shortz,Normal,2022-10-04,Daily,,0,100,True,,Tuesday
20568,634.0,Jason Reich,Will Shortz,Normal,2022-10-05,Daily,,0,58,False,,Wednesday
20459,,Simeon Seigel,Will Shortz,Normal,2022-10-06,Daily,,0,0,False,,Thursday
20269,,Mary Lou Guizzo and Jeff Chen,Will Shortz,Normal,2022-10-07,Daily,,0,0,False,,Friday
20572,,Kyle Dolan,Will Shortz,Normal,2022-10-08,Daily,,0,0,False,,Saturday
20545,,Jessie Trudeau and Ross Trudeau,Will Shortz,Normal,2022-10-09,Daily,Rise to the Challenge,0,0,False,,Sunday
20584,1357.0,Byron Walden,Will Shortz,Normal,2022-10-10,Daily,,0,100,True,Gold,Monday
20588,1308.0,Ailee Yoshida,Will Shortz,Normal,2022-10-11,Daily,,0,100,True,Gold,Tuesday
20585,716.0,Drew Schmenner,Will Shortz,Normal,2022-10-12,Daily,,0,66,False,,Wednesday
20587,14.0,Lewis Rothlein,Will Shortz,Normal,2022-10-13,Daily,,0,0,False,,Thursday
20591,,David Steinberg,Will Shortz,Normal,2022-10-14,Daily,,0,0,False,,Friday
20602,,John Hawksley,Will Shortz,Normal,2022-10-15,Daily,,0,0,False,,Saturday
20594,,Paolo Pasco,Will Shortz,Normal,2022-10-16,Daily,Terminal Connections,0,0,False,,Sunday
20607,1626.0,Caryn L. Robbins,Will Shortz,Normal,2022-10-17,Daily,,0,100,True,Gold,Monday
20598,1430.0,Dan Schoenholz,Will Shortz,Normal,2022-10-18,Daily,,0,100,True,Gold,Tuesday
20612,1621.0,Ryan Patrick Smith,Will Shortz,Normal,2022-10-19,Daily,,0,93,False,,Wednesday
20613,,Rebecca Goldstein,Will Shortz,Normal,2022-10-20,Daily,,0,0,False,,Thursday
20610,,Rafael Musa,Will Shortz,Normal,2022-10-21,Daily,,0,0,False,,Friday
20611,,Brooke Husic and Yacob Yonas,Will Shortz,Normal,2022-10-22,Daily,,0,0,False,,Saturday
20614,,Daniel Bodily and Jeff Chen,Will Shortz,Normal,2022-10-23,Daily,To Be Continued,0,0,False,,Sunday
20629,1564.0,Joe Rodini,Will Shortz,Normal,2022-10-24,Daily,,0,100,True,Gold,Monday
20631,1159.0,Ashleigh Silveira and Nick Shephard,Will Shortz,Normal,2022-10-25,Daily,,0,100,True,Gold,Tuesday
20630,2353.0,Simeon Seigel,Will Shortz,Normal,2022-10-26,Daily,,0,100,True,Gold,Wednesday
20633,624.0,Barbara Lin,Will Shortz,Normal,2022-10-27,Daily,,0,60,False,,Thursday
20626,,Will Nediger,Will Shortz,Normal,2022-10-28,Daily,,0,0,False,,Friday
20625,,Daniel Okulitch,Will Shortz,Normal,2022-10-29,Daily,,0,0,False,,Saturday
20634,,Addison Snell,Will Shortz,Normal,2022-10-30,Daily,Sending a Message,0,0,False,,Sunday
20638,1641.0,Emily Carroll,Will Shortz,Normal,2022-10-31,Daily,,0,100,True,,Monday
20639,1224.0,Bruce Haight,Will Shortz,Normal,2022-11-01,Daily,,0,100,True,,Tuesday
20644,954.0,Ethan Zou and Tomas Spiers,Will Shortz,Normal,2022-11-02,Daily,,0,49,False,,Wednesday
20645,,Chase Dittrich and Jeff Chen,Will Shortz,Normal,2022-11-03,Daily,,0,0,False,,Thursday
20632,,Juliet Corless,Will Shortz,Normal,2022-11-04,Daily,,0,0,False,,Friday
20640,,John Westwig,Will Shortz,Normal,2022-11-05,Daily,,0,0,False,,Saturday
20648,560.0,Michael Lieberman,Will Shortz,Normal,2022-11-06,Daily,Length-ening,0,32,False,,Sunday
20647,565.0,Jill Singer,Will Shortz,Normal,2022-11-07,Daily,,0,100,True,Gold,Monday
20656,1633.0,Enrique Henestroza Anguiano,Will Shortz,Normal,2022-11-08,Daily,,0,100,True,Gold,Tuesday
20663,448.0,David Tuffs,Will Shortz,Normal,2022-11-09,Daily,,0,44,False,,Wednesday
20706,,Dan Caprera,Will Shortz,Normal,2022-11-10,Daily,,0,0,False,,Thursday
20641,,Brooke Husic and Erik Agard,Will Shortz,Normal,2022-11-11,Daily,,0,0,False,,Friday
20651,,Billy Bratton,Will Shortz,Normal,2022-11-12,Daily,,0,0,False,,Saturday
20657,257.0,Samuel A. Donaldson,Will Shortz,Normal,2022-11-13,Daily,Collision Courses,0,12,False,,Sunday
20655,921.0,Taylor Johnson,Will Shortz,Normal,2022-11-14,Daily,,0,100,True,Gold,Monday
20643,1281.0,Sandy Ganzell,Will Shortz,Normal,2022-11-15,Daily,,0,100,True,Gold,Tuesday
20666,318.0,John Hawksley,Will Shortz,Normal,2022-11-16,Daily,,0,0,False,,Wednesday
20658,,Hoang-Kim Vu and Jessica Zetzman,Will Shortz,Normal,2022-11-17,Daily,,0,0,False,,Thursday
20665,,Robyn Weintraub,Will Shortz,Normal,2022-11-18,Daily,,0,0,False,,Friday
20664,,Benji Goldsmith,Will Shortz,Normal,2022-11-19,Daily,,0,0,False,,Saturday
20659,,Joe Deeney,Will Shortz,Normal,2022-11-20,Daily,Fan Club,0,0,False,,Sunday
20667,847.0,Brandon Koppy,Will Shortz,Normal,2022-11-21,Daily,,0,100,True,Gold,Monday
20668,2828.0,Wendy L. Brandes,Will Shortz,Normal,2022-11-22,Daily,,0,100,True,Gold,Tuesday
20673,917.0,Erica Hsiung Wojcik and Matthew Stock,Will Shortz,Normal,2022-11-23,Daily,,0,72,False,,Wednesday
20669,,Pao Roy,Will Shortz,Normal,2022-11-24,Daily,,0,0,False,,Thursday
20676,,Simon Marotte,Will Shortz,Normal,2022-11-25,Daily,,0,0,False,,Friday
20670,,Kanyin Ajayi,Will Shortz,Normal,2022-11-26,Daily,,0,0,False,,Saturday
20677,,Adam Wagner,Will Shortz,Normal,2022-11-27,Daily,Going Off on a Tangent,0,0,False,,Sunday
20681,1537.0,Chloe Revery,Will Shortz,Normal,2022-11-28,Daily,,0,100,True,Gold,Monday
20682,1749.0,David Rockow,Will Shortz,Normal,2022-11-29,Daily,,0,100,True,,Tuesday
20687,1169.0,Addison Snell,Will Shortz,Normal,2022-11-30,Daily,,0,100,True,Gold,Wednesday
20685,415.0,Daniel Mauer,Will Shortz,Normal,2022-12-01,Daily,,0,26,False,,Thursday
20679,,Scott Earl,Will Shortz,Normal,2022-12-02,Daily,,0,0,False,,Friday
20689,,Kate Hawkins,Will Shortz,Normal,2022-12-03,Daily,,0,0,False,,Saturday
20686,,Gustie Owens,Will Shortz,Normal,2022-12-04,Daily,Gossip Session,0,0,False,,Sunday
20692,1049.0,Tracy Gray,Will Shortz,Normal,2022-12-05,Daily,,0,100,True,Gold,Monday
20646,1676.0,Ross Trudeau and Wyna Liu,Will Shortz,Normal,2022-12-06,Daily,,0,100,True,Gold,Tuesday
20694,738.0,Karen Steinberg,Will Shortz,Normal,2022-12-07,Daily,,0,60,False,,Wednesday
20698,,Grant Thackray,Will Shortz,Normal,2022-12-08,Daily,,0,0,False,,Thursday
20688,,Brooke Husic and Hoang-Kim Vu,Will Shortz,Normal,2022-12-09,Daily,,0,0,False,,Friday
20699,,Sid Sivakumar,Will Shortz,Normal,2022-12-10,Daily,,0,0,False,,Saturday
20693,866.0,Laura Taylor Kinnel,Will Shortz,Normal,2022-12-11,Daily,Step on It!,0,43,False,,Sunday
20703,1687.0,Anthony J. Caruso and Zhouqin Burnikel,Will Shortz,Normal,2022-12-12,Daily,,0,100,True,Gold,Monday
20700,1046.0,Julietta Gervase,Will Shortz,Normal,2022-12-13,Daily,,0,100,True,Gold,Tuesday
20704,3059.0,Matthew Stock,Will Shortz,Normal,2022-12-14,Daily,,0,100,True,,Wednesday
20705,298.0,Bruce Haight,Will Shortz,Normal,2022-12-15,Daily,,0,19,False,,Thursday
20701,10.0,Kameron Austin Collins,Will Shortz,Normal,2022-12-16,Daily,,0,0,False,,Friday
20709,3.0,Christina Iverson and Tom Pepper,Will Shortz,Normal,2022-12-17,Daily,,0,0,False,,Saturday
20723,606.0,Ryan McCarty,Will Shortz,Normal,2022-12-18,Daily,Some Theme's Missing,0,23,False,,Sunday
20736,1309.0,Jennifer Nutt,Will Shortz,Normal,2022-12-19,Daily,,0,100,True,Gold,Monday
20744,1352.0,Peter Koetters,Will Shortz,Normal,2022-12-20,Daily,,0,100,True,Gold,Tuesday
20726,1040.0,Nancy Stark and Will Nediger,Will Shortz,Normal,2022-12-21,Daily,,0,64,False,,Wednesday
20743,,David Steinberg,Will Shortz,Normal,2022-12-22,Daily,,0,0,False,,Thursday
20725,,Brandon Koppy,Will Shortz,Normal,2022-12-23,Daily,,0,0,False,,Friday
20735,,Trenton Charlson,Will Shortz,Normal,2022-12-24,Daily,,0,0,False,,Saturday
20727,1438.0,John Martz,Will Shortz,Normal,2022-12-25,Daily,Novel Thinking,0,48,False,,Sunday
20757,1622.0,Kurt Weller,Will Shortz,Normal,2022-12-26,Daily,,0,100,True,Gold,Monday
20760,1365.0,Lynn Lempel,Will Shortz,Normal,2022-12-27,Daily,,0,100,True,Gold,Tuesday
20753,65.0,Josh Goodman,Will Shortz,Normal,2022-12-28,Daily,,0,6,False,,Wednesday
20762,,Claire Rimkus and Rachel Fabi,Will Shortz,Normal,2022-12-29,Daily,,0,0,False,,Thursday
20761,,Brendan Emmett Quigley,Will Shortz,Normal,2022-12-30,Daily,,0,0,False,,Friday
20759,,Billy Bratton,Will Shortz,Normal,2022-12-31,Daily,,0,0,False,,Saturday
20754,1731.0,Adam Wagner and Michael Lieberman and Rafael Musa,Will Shortz,Normal,2023-01-01,Daily,In Play,0,60,False,,Sunday
20772,974.0,Seth Bisen-Hersh,Will Shortz,Normal,2023-01-02,Daily,,0,100,True,Gold,Monday
20770,1488.0,Margaret Seikel,Will Shortz,Normal,2023-01-03,Daily,,0,100,True,,Tuesday
20763,1357.0,Laura Breiman and Tom Bachant,Will Shortz,Normal,2023-01-04,Daily,,0,100,True,,Wednesday
20776,,Emily Carroll,Will Shortz,Normal,2023-01-05,Daily,,0,0,False,,Thursday
20788,,Erica Hsiung Wojcik,Will Shortz,Normal,2023-01-06,Daily,,0,0,False,,Friday
20778,,Adam Aaronson,Will Shortz,Normal,2023-01-07,Daily,,0,0,False,,Saturday
20771,1468.0,Wyna Liu,Will Shortz,Normal,2023-01-08,Daily,Do You Hear That?,0,18,False,,Sunday
20786,1087.0,Andrea Carla Michaels and Kevin Christian,Will Shortz,Normal,2023-01-09,Daily,,0,100,True,Gold,Monday
20780,1307.0,Emily Rourke,Will Shortz,Normal,2023-01-10,Daily,,0,100,True,,Tuesday
20787,597.0,Victor Barocas,Will Shortz,Normal,2023-01-11,Daily,,0,51,False,,Wednesday
20782,,Grant Thackray,Will Shortz,Normal,2023-01-12,Daily,,0,0,False,,Thursday
20781,,Brad Wiegmann,Will Shortz,Normal,2023-01-13,Daily,,0,0,False,,Friday
20769,,David Karp,Will Shortz,Normal,2023-01-14,Daily,,0,0,False,,Saturday
20779,115.0,Michael Schlossberg,Will Shortz,Normal,2023-01-15,Daily,Abridged Too Far,0,6,False,,Sunday
20793,1287.0,Michael Paleos,Will Shortz,Normal,2023-01-16,Daily,,0,100,True,Gold,Monday
20807,852.0,Erika Ettin,Will Shortz,Normal,2023-01-17,Daily,,0,100,True,Gold,Tuesday
20792,,Lindsay McBride,Will Shortz,Normal,2023-01-18,Daily,,0,0,False,,Wednesday
20797,22.0,Daniel Bodily,Will Shortz,Normal,2023-01-19,Daily,,0,0,False,,Thursday
20798,,Robert S. Greenfield,Will Shortz,Normal,2023-01-20,Daily,,0,0,False,,Friday
20789,,David Distenfeld,Will Shortz,Normal,2023-01-21,Daily,,0,0,False,,Saturday
20808,1842.0,Garrett Chalfin,Will Shortz,Normal,2023-01-22,Daily,With Ease,0,76,False,,Sunday
20809,967.0,Adrian Johnson,Will Shortz,Normal,2023-01-23,Daily,,0,100,True,Gold,Monday
20813,1999.0,Aaron M. Rosenberg and Jeff Chen,Will Shortz,Normal,2023-01-24,Daily,,0,100,True,,Tuesday
20815,,Nancy Serrano-Wu,Will Shortz,Normal,2023-01-25,Daily,,0,0,False,,Wednesday
20822,,Dan Ziring and Quiara Vasquez,Will Shortz,Normal,2023-01-26,Daily,,0,0,False,,Thursday
20821,,Joe Deeney,Will Shortz,Normal,2023-01-27,Daily,,0,0,False,,Friday
20823,,Kevin Christian,Will Shortz,Normal,2023-01-28,Daily,,0,0,False,,Saturday
20817,1624.0,Rich Katz,Will Shortz,Normal,2023-01-29,Daily,The Final Frontier,0,18,False,,Sunday
20824,1532.0,David Steinberg,Will Shortz,Normal,2023-01-30,Daily,,0,100,True,Gold,Monday
20814,1472.0,Erik Agard,Will Shortz,Normal,2023-01-31,Daily,,0,100,True,Gold,Tuesday
20810,,Dan Caprera,Will Shortz,Normal,2023-02-01,Daily,,0,0,False,,Wednesday
20827,298.0,Elise Corbin,Will Shortz,Normal,2023-02-02,Daily,,0,8,False,,Thursday
20819,,Barbara Lin,Will Shortz,Normal,2023-02-03,Daily,,0,0,False,,Friday
20839,1.0,Kate Hawkins,Will Shortz,Normal,2023-02-04,Daily,,0,0,False,,Saturday
20834,119.0,Jeremy Newton,Will Shortz,Normal,2023-02-05,Daily,Hollywood Remakes,0,2,False,,Sunday
20678,1084.0,Taylor Johnson,Will Shortz,Normal,2023-02-06,Daily,,0,100,True,Gold,Monday
20831,880.0,Ellen Leuschner,Will Shortz,Normal,2023-02-07,Daily,,0,100,True,Gold,Tuesday
20836,672.0,Chase Dittrich,Will Shortz,Normal,2023-02-08,Daily,,0,47,False,,Wednesday
20835,,Alex Rosen,Will Shortz,Normal,2023-02-09,Daily,,0,0,False,,Thursday
20841,10.0,Kavin Pawittranon and Nijah Morris,Will Shortz,Normal,2023-02-10,Daily,,0,0,False,,Friday
20840,444.0,Sam Ezersky,Will Shortz,Normal,2023-02-11,Daily,,0,27,False,,Saturday
20854,972.0,Christina Iverson and Samuel A. Donaldson,Will Shortz,Normal,2023-02-12,Daily,Cheap Thrills,0,42,False,,Sunday
20842,803.0,Eric Rollfing,Will Shortz,Normal,2023-02-13,Daily,,0,100,True,Gold,Monday
20845,1650.0,Ella Dershowitz,Will Shortz,Normal,2023-02-14,Daily,,0,100,True,Gold,Tuesday
20855,1496.0,Sean Ziebarth,Will Shortz,Normal,2023-02-15,Daily,,0,100,True,Gold,Wednesday
20850,438.0,Kevin Patterson,Will Shortz,Normal,2023-02-16,Daily,,0,44,False,,Thursday
20852,3.0,Jem Burch,Will Shortz,Normal,2023-02-17,Daily,,0,0,False,,Friday
20862,,Kameron Austin Collins,Will Shortz,Normal,2023-02-18,Daily,,0,0,False,,Saturday
20856,2257.0,Rebecca Goldstein,Will Shortz,Normal,2023-02-19,Daily,Simile Irresistible,0,80,False,,Sunday
20858,1064.0,Emily Carroll,Will Shortz,Normal,2023-02-20,Daily,,0,100,True,Gold,Monday
20865,1749.0,Daniel Raymon,Will Shortz,Normal,2023-02-21,Daily,,0,100,True,,Tuesday
20861,1057.0,Adam Wagner,Will Shortz,Normal,2023-02-22,Daily,,0,100,True,,Wednesday
20863,899.0,Joe Deeney,Will Shortz,Normal,2023-02-23,Daily,,0,60,False,,Thursday
20864,,Margaret Seikel and Sophia Maymudes,Will Shortz,Normal,2023-02-24,Daily,,0,0,False,,Friday
20866,,Trent H. Evans,Will Shortz,Normal,2023-02-25,Daily,,0,0,False,,Saturday
20867,942.0,Will Nediger,Will Shortz,Normal,2023-02-26,Daily,Double-Doubles,0,30,False,,Sunday
20868,611.0,David Rockow,Will Shortz,Normal,2023-02-27,Daily,,0,100,True,Gold,Monday
20882,1396.0,Gia Bosko,Will Shortz,Normal,2023-02-28,Daily,,0,100,True,Gold,Tuesday
20884,1686.0,Aaron M. Rosenberg,Will Shortz,Normal,2023-03-01,Daily,,0,100,True,,Wednesday
20883,932.0,Malaika Handa,Will Shortz,Normal,2023-03-02,Daily,,0,37,False,,Thursday
20873,168.0,Eric Warren,Will Shortz,Normal,2023-03-03,Daily,,0,21,False,,Friday
20874,,Ryan McCarty,Will Shortz,Normal,2023-03-04,Daily,,0,0,False,,Saturday
20876,3227.0,John-Clark Levin,Will Shortz,Normal,2023-03-05,Daily,As Heard Around the Dinner Table,0,80,False,,Sunday
20891,831.0,Lynn Lempel,Will Shortz,Normal,2023-03-06,Daily,,0,100,True,Gold,Monday
20896,1846.0,Enrique Henestroza Anguiano and Matthew Stock,Will Shortz,Normal,2023-03-07,Daily,,0,100,True,,Tuesday
20885,1017.0,Miranda Kany,Will Shortz,Normal,2023-03-08,Daily,,0,100,True,,Wednesday
20888,916.0,Simeon Seigel,Will Shortz,Normal,2023-03-09,Daily,,0,100,True,,Thursday
20890,17.0,Claire Rimkus,Will Shortz,Normal,2023-03-10,Daily,,0,0,False,,Friday
20898,,Tom Pepper,Will Shortz,Normal,2023-03-11,Daily,,0,0,False,,Saturday
20889,14679.0,David Tuffs,Will Shortz,Normal,2023-03-12,Daily,This and That,0,100,True,,Sunday
20903,1168.0,Sam Koperwas and Jeff Chen,Will Shortz,Normal,2023-03-13,Daily,,0,100,True,Gold,Monday
20900,1752.0,Peter Gordon,Will Shortz,Normal,2023-03-14,Daily,,0,100,True,Gold,Tuesday
20918,2158.0,Michael B. Berg,Will Shortz,Normal,2023-03-15,Daily,,0,100,True,Gold,Wednesday
20908,1215.0,Rebecca Goldstein,Will Shortz,Normal,2023-03-16,Daily,,0,61,False,,Thursday
20909,454.0,Carter Cobb,Will Shortz,Normal,2023-03-17,Daily,,0,28,False,,Friday
20912,,Ada Nicolle,Will Shortz,Normal,2023-03-18,Daily,,0,0,False,,Saturday
20914,1409.0,Robert Ryan,Will Shortz,Normal,2023-03-19,Daily,Give Me a Break!,0,17,False,,Sunday
20915,807.0,Adam Vincent,Will Shortz,Normal,2023-03-20,Daily,,0,100,True,Gold,Monday
20920,1070.0,Michael Lieberman,Will Shortz,Normal,2023-03-21,Daily,,0,100,True,Gold,Tuesday
20933,835.0,Madeline Kaplan,Will Shortz,Normal,2023-03-22,Daily,,0,40,False,,Wednesday
20930,638.0,David Kwong,Will Shortz,Normal,2023-03-23,Daily,,0,45,False,,Thursday
20911,2.0,Blake Slonecker,Will Shortz,Normal,2023-03-24,Daily,,0,0,False,,Friday
20919,635.0,Robyn Weintraub,Will Shortz,Normal,2023-03-25,Daily,,0,40,False,,Saturday
20929,2774.0,David Karp,Will Shortz,Normal,2023-03-26,Daily,"I Do, I Do ... Do!",0,67,False,,Sunday
20928,877.0,Simon Marotte and Trenton Lee Stewart,Will Shortz,Normal,2023-03-27,Daily,,0,100,True,Gold,Monday
20937,1633.0,Daniel Kantor and Jay Kaskel,Will Shortz,Normal,2023-03-28,Daily,,0,100,True,Gold,Tuesday
20934,638.0,Ben Zoon,Will Shortz,Normal,2023-03-29,Daily,,0,44,False,,Wednesday
20927,,Adam Wagner and Brooke Husic,Will Shortz,Normal,2023-03-30,Daily,,0,0,False,,Thursday
20946,,Rich Norris,Will Shortz,Normal,2023-03-31,Daily,,0,0,False,,Friday
20978,,Wyna Liu and Joel Fagliano,Will Shortz,Normal,2023-04-01,Daily,,0,0,False,,Saturday
20944,854.0,Jeremy Newton and Tracy Gray,Will Shortz,Normal,2023-04-02,Daily,Artistic Differences,0,41,False,,Sunday
20945,1235.0,David Distenfeld,Will Shortz,Normal,2023-04-03,Daily,,0,100,True,Gold,Monday
20952,609.0,Andrea Carla Michaels and Christina Iverson,Will Shortz,Normal,2023-04-04,Daily,,0,100,True,Gold,Tuesday
20947,861.0,Brandon Koppy,Will Shortz,Normal,2023-04-05,Daily,,0,40,False,,Wednesday
20963,38.0,Sam Buttrey,Will Shortz,Normal,2023-04-06,Daily,,0,0,False,,Thursday
20942,,Lindsey Hobbs,Will Shortz,Normal,2023-04-07,Daily,,0,0,False,,Friday
20951,32.0,Sid Sivakumar,Will Shortz,Normal,2023-04-08,Daily,,0,0,False,,Saturday
20961,985.0,John Ewbank,Will Shortz,Normal,2023-04-09,Daily,If the Clue Fits ...,0,21,False,,Sunday
20953,867.0,Gia Bosko,Will Shortz,Normal,2023-04-10,Daily,,0,100,True,Gold,Monday
20977,832.0,Taylor Johnson and Jeff Chen,Will Shortz,Normal,2023-04-11,Daily,,0,100,True,,Tuesday
20976,771.0,Olivia Mitra Framke and Brooke Husic,Will Shortz,Normal,2023-04-12,Daily,,0,68,False,,Wednesday
20959,,Robin Yu,Will Shortz,Normal,2023-04-13,Daily,,0,0,False,,Thursday
20972,,Billy Bratton and Clay Haddock,Will Shortz,Normal,2023-04-14,Daily,,0,0,False,,Friday
20964,,Kameron Austin Collins,Will Shortz,Normal,2023-04-15,Daily,,0,0,False,,Saturday
20981,906.0,Mike Hobin,Will Shortz,Normal,2023-04-16,Daily,"Bring Your ""A"" Game",0,37,False,,Sunday
20984,453.0,Katherine Baicker and Scott Earl,Will Shortz,Normal,2023-04-17,Daily,,0,100,True,Gold,Monday
20989,1583.0,Kiran Pandey,Will Shortz,Normal,2023-04-18,Daily,,0,100,True,,Tuesday
20990,1468.0,Joe Deeney,Will Shortz,Normal,2023-04-19,Daily,,0,62,False,,Wednesday
20993,847.0,Simeon Seigel,Will Shortz,Normal,2023-04-20,Daily,,0,32,False,,Thursday
20991,21.0,Erica Hsiung Wojcik and Matthew Stock,Will Shortz,Normal,2023-04-21,Daily,,0,0,False,,Friday
20985,,Byron Walden,Will Shortz,Normal,2023-04-22,Daily,,0,0,False,,Saturday
20992,1477.0,Katie Hale and Scott Hogan,Will Shortz,Normal,2023-04-23,Daily,Punctuation Matters,0,41,False,,Sunday
20998,734.0,Emily Carroll,Will Shortz,Normal,2023-04-24,Daily,,0,100,True,Gold,Monday
20997,2122.0,Grant Boroughs,Will Shortz,Normal,2023-04-25,Daily,,0,89,False,,Tuesday
20635,,Aaron M. Rosenberg,Will Shortz,Normal,2023-04-26,Daily,,0,0,False,,Wednesday
21002,,Michael Schlossberg,Will Shortz,Normal,2023-04-27,Daily,,0,0,False,,Thursday
21004,,Malaika Handa and Erik Agard,Will Shortz,Normal,2023-04-28,Daily,,0,0,False,,Friday
21011,,David Steinberg,Will Shortz,Normal,2023-04-29,Daily,,0,0,False,,Saturday
21006,1460.0,Lewis Rothlein and Jeff Chen,Will Shortz,Normal,2023-04-30,Daily,Name Dropping,0,48,False,,Sunday
21013,794.0,Alina Abidi and Matthew Stock,Will Shortz,Normal,2023-05-01,Daily,,0,100,True,Gold,Monday
21012,1000.0,Aimee Lucido,Will Shortz,Normal,2023-05-02,Daily,,0,69,False,,Tuesday
21005,,Samuel A. Donaldson,Will Shortz,Normal,2023-05-03,Daily,,0,0,False,,Wednesday
21029,,David J. Kahn,Will Shortz,Normal,2023-05-04,Daily,,0,0,False,,Thursday
21016,,Jacob McDermott,Will Shortz,Normal,2023-05-05,Daily,,0,0,False,,Friday
21027,,Carter Cobb,Will Shortz,Normal,2023-05-06,Daily,,0,0,False,,Saturday
21021,21.0,Will Nediger,Will Shortz,Normal,2023-05-07,Daily,Sea Change,0,2,False,,Sunday
21030,648.0,Catherine Cetta,Will Shortz,Normal,2023-05-08,Daily,,0,100,True,Gold,Monday
21017,1228.0,Margaret Seikel,Will Shortz,Normal,2023-05-09,Daily,,0,100,True,,Tuesday
21018,441.0,Victor Barocas,Will Shortz,Normal,2023-05-10,Daily,,0,42,False,,Wednesday
21026,,Sheldon Polonsky,Will Shortz,Normal,2023-05-11,Daily,,0,0,False,,Thursday
21028,,Enrique Henestroza Anguiano,Will Shortz,Normal,2023-05-12,Daily,,0,0,False,,Friday
21031,,Spencer Leach,Will Shortz,Normal,2023-05-13,Daily,,0,0,False,,Saturday
21041,1496.0,Sid Sivakumar,Will Shortz,Normal,2023-05-14,Daily,Alternate Endings,0,49,False,,Sunday
21037,610.0,Tomas Spiers,Will Shortz,Normal,2023-05-15,Daily,,0,100,True,Gold,Monday
21042,1327.0,Katherine Baicker and Adam Wagner,Will Shortz,Normal,2023-05-16,Daily,,0,100,True,Gold,Tuesday
21036,1682.0,Parker Higgins,Will Shortz,Normal,2023-05-17,Daily,,0,55,False,,Wednesday
21040,777.0,Kiran Pandey,Will Shortz,Normal,2023-05-18,Daily,,0,37,False,,Thursday
21054,20.0,David Distenfeld,Will Shortz,Normal,2023-05-19,Daily,,0,3,False,,Friday
21052,,Erica Hsiung Wojcik,Will Shortz,Normal,2023-05-20,Daily,,0,0,False,,Saturday
21068,90.0,Robert Ryan,Will Shortz,Normal,2023-05-21,Daily,Stitchin' Time,0,2,False,,Sunday
21055,874.0,Dang Quang Thang,Will Shortz,Normal,2023-05-22,Daily,,0,100,True,Gold,Monday
21064,986.0,Lee Taylor,Will Shortz,Normal,2023-05-23,Daily,,0,100,True,Gold,Tuesday
21057,1247.0,Kavin Pawittranon and Nijah Morris,Will Shortz,Normal,2023-05-24,Daily,,0,100,True,Gold,Wednesday
21058,1889.0,Andrew Kingsley and Garrett Chalfin,Will Shortz,Normal,2023-05-25,Daily,,0,70,False,,Thursday
21069,426.0,Hemant Mehta,Will Shortz,Normal,2023-05-26,Daily,,0,34,False,,Friday
21048,39.0,Samuel Smalley,Will Shortz,Normal,2023-05-27,Daily,,0,0,False,,Saturday
21072,806.0,Chandi Deitmer and Taylor Johnson,Will Shortz,Normal,2023-05-28,Daily,U-Haul,0,36,False,,Sunday
21071,1228.0,Katie Hale and Zachary David Levy,Will Shortz,Normal,2023-05-29,Daily,,0,100,True,Gold,Monday
21075,1120.0,Kathryn Ladner,Will Shortz,Normal,2023-05-30,Daily,,0,100,True,Gold,Tuesday
21079,1651.0,Brandon Koppy,Will Shortz,Normal,2023-05-31,Daily,,0,100,True,Gold,Wednesday
21078,1364.0,David and Karen and Paul Steinberg,Will Shortz,Normal,2023-06-01,Daily,,0,75,False,,Thursday
21083,63.0,John Ewbank,Will Shortz,Normal,2023-06-02,Daily,,0,11,False,,Friday
21080,519.0,John Westwig,Will Shortz,Normal,2023-06-03,Daily,,0,33,False,,Saturday
21089,1956.0,Rafael Musa,Will Shortz,Normal,2023-06-04,Daily,Flying Colors,0,72,False,,Sunday
21086,708.0,Eric Rollfing,Will Shortz,Normal,2023-06-05,Daily,,0,100,True,Gold,Monday
21084,1225.0,Daniel Jaret,Will Shortz,Normal,2023-06-06,Daily,,0,100,True,Gold,Tuesday
21085,1064.0,Jennifer Lee and Victor Galson,Will Shortz,Normal,2023-06-07,Daily,,0,100,True,Gold,Wednesday
21118,482.0,Philip Koski,Will Shortz,Normal,2023-06-08,Daily,,0,29,False,,Thursday
21104,411.0,Robyn Weintraub,Will Shortz,Normal,2023-06-09,Daily,,0,26,False,,Friday
21090,,John Hawksley,Will Shortz,Normal,2023-06-10,Daily,,0,0,False,,Saturday
21114,2189.0,Sam Ezersky,Will Shortz,Normal,2023-06-11,Daily,"Words, Words, Words: A Themeless",0,65,False,,Sunday
21140,811.0,Alice Liang,Will Shortz,Normal,2023-06-12,Daily,,0,100,True,Gold,Monday
21126,1498.0,Juliana Tringali Golden and Wendy L. Brandes,Will Shortz,Normal,2023-06-13,Daily,,0,100,True,Gold,Tuesday
21105,1469.0,Jennifer Hoelzer,Will Shortz,Normal,2023-06-14,Daily,,0,100,True,Gold,Wednesday
21108,899.0,David Harris,Will Shortz,Normal,2023-06-15,Daily,,0,100,True,,Thursday
21051,846.0,Natan Last and the J.A.S.A. Crossword Class,Will Shortz,Normal,2023-06-16,Daily,,0,59,False,,Friday
21119,,Ryan McCarty,Will Shortz,Normal,2023-06-17,Daily,,0,0,False,,Saturday
21129,1273.0,Joe DiPietro,Will Shortz,Normal,2023-06-18,Daily,My Two Cents,0,29,False,,Sunday
21121,922.0,David Liben-Nowell,Will Shortz,Normal,2023-06-19,Daily,,0,100,True,Gold,Monday
21120,1250.0,Aimee Lucido,Will Shortz,Normal,2023-06-20,Daily,,0,100,True,Gold,Tuesday
21131,1410.0,Jimmy Peniston,Will Shortz,Normal,2023-06-21,Daily,,0,100,True,,Wednesday
21148,466.0,Michael Baker and Jeff Chen,Will Shortz,Normal,2023-06-22,Daily,,0,33,False,,Thursday
21122,,Kunal Nabar,Will Shortz,Normal,2023-06-23,Daily,,0,0,False,,Friday
21128,67.0,Spencer Leach and Quiara Vasquez,Will Shortz,Normal,2023-06-24,Daily,,0,0,False,,Saturday
21161,821.0,John Westwig,Will Shortz,Normal,2023-06-25,Daily,Opposites Attracting,0,24,False,,Sunday
21103,541.0,Taylor Johnson and Christina Iverson,Will Shortz,Normal,2023-06-26,Daily,,0,100,True,Gold,Monday
21135,1061.0,Anthony Gisonda,Will Shortz,Normal,2023-06-27,Daily,,0,100,True,Gold,Tuesday
21137,985.0,Matt Fuchs and Victor Sloan,Will Shortz,Normal,2023-06-28,Daily,,0,49,False,,Wednesday
21147,,Simeon Seigel,Will Shortz,Normal,2023-06-29,Daily,,0,0,False,,Thursday
21136,,Carly Schuna,Will Shortz,Normal,2023-06-30,Daily,,0,0,False,,Friday
21138,,Ben Tolkin,Will Shortz,Normal,2023-07-01,Daily,,0,0,False,,Saturday
21142,4335.0,Rebecca Goldstein and Rafael Musa,Will Shortz,Normal,2023-07-02,Daily,About Two Feet,0,100,True,Gold,Sunday
21158,467.0,Sam Buchbinder,Will Shortz,Normal,2023-07-03,Daily,,0,100,True,Gold,Monday
21168,871.0,Barbara Lin,Will Shortz,Normal,2023-07-04,Daily,,0,100,True,Gold,Tuesday
21152,1495.0,Joe Deeney,Will Shortz,Normal,2023-07-05,Daily,,0,100,True,Gold,Wednesday
21153,877.0,Alison Perch,Will Shortz,Normal,2023-07-06,Daily,,0,68,False,,Thursday
21156,63.0,Adrian Johnson,Will Shortz,Normal,2023-07-07,Daily,,0,0,False,,Friday
21165,,Brandon Koppy,Will Shortz,Normal,2023-07-08,Daily,,0,0,False,,Saturday
21160,2541.0,Christina Iverson,Will Shortz,Normal,2023-07-09,Daily,A Thousand Words,0,64,False,,Sunday
21170,1006.0,Brad Wiegmann,Will Shortz,Normal,2023-07-10,Daily,,0,100,True,Gold,Monday
21183,1435.0,Aaron M. Rosenberg,Will Shortz,Normal,2023-07-11,Daily,,0,100,True,Gold,Tuesday
21174,2036.0,Brooke Husic and Brian Thomas,Will Shortz,Normal,2023-07-12,Daily,,0,100,True,Gold,Wednesday
21159,598.0,Hanh Huynh,Will Shortz,Normal,2023-07-13,Daily,,0,10,False,,Thursday
21171,4.0,Jonathan Kaufman,Will Shortz,Normal,2023-07-14,Daily,,0,0,False,,Friday
21167,,Jeff Chen,Will Shortz,Normal,2023-07-15,Daily,,0,0,False,,Saturday
21192,1865.0,Michael Schlossberg,Will Shortz,Normal,2023-07-16,Daily,The Game Is Afoot,0,35,False,,Sunday
21172,981.0,Alexander Liebeskind,Will Shortz,Normal,2023-07-17,Daily,,0,100,True,Gold,Monday
21189,1247.0,Karen and Paul Steinberg,Will Shortz,Normal,2023-07-18,Daily,,0,100,True,Gold,Tuesday
21169,1480.0,Billy Bratton,Will Shortz,Normal,2023-07-19,Daily,,0,100,True,Gold,Wednesday
21175,1061.0,Drew Schmenner,Will Shortz,Normal,2023-07-20,Daily,,0,62,False,,Thursday
21186,4.0,Robyn Weintraub,Will Shortz,Normal,2023-07-21,Daily,,0,0,False,,Friday
21173,,Robert Logan,Will Shortz,Normal,2023-07-22,Daily,,0,0,False,,Saturday
21211,731.0,Chandi Deitmer,Will Shortz,Normal,2023-07-23,Daily,Aural Surgery,0,31,False,,Sunday
21204,584.0,John Ewbank,Will Shortz,Normal,2023-07-24,Daily,,0,100,True,Gold,Monday
21194,1649.0,Gary Larson and Doug Peterson,Will Shortz,Normal,2023-07-25,Daily,,0,100,True,Gold,Tuesday
21201,1453.0,Mary Crane,Will Shortz,Normal,2023-07-26,Daily,,0,100,True,Gold,Wednesday
21190,1364.0,Guilherme Gilioli,Will Shortz,Normal,2023-07-27,Daily,,0,100,True,Gold,Thursday
21115,,Rafael Musa and Hoang-Kim Vu,Will Shortz,Normal,2023-07-28,Daily,,0,0,False,,Friday
21223,,Sam Ezersky,Will Shortz,Normal,2023-07-29,Daily,,0,0,False,,Saturday
21229,2028.0,John Kugelman,Will Shortz,Normal,2023-07-30,Daily,Doing Front Flips,0,58,False,,Sunday
21209,624.0,David Litman and Andrea Carla Michaels,Will Shortz,Normal,2023-07-31,Daily,,0,100,True,Gold,Monday
21188,1629.0,Kathryn Ladner,Will Shortz,Normal,2023-08-01,Daily,,0,100,True,Gold,Tuesday
21212,1560.0,Barbara Lin,Will Shortz,Normal,2023-08-02,Daily,,0,100,True,Gold,Wednesday
21213,859.0,Simeon Seigel,Will Shortz,Normal,2023-08-03,Daily,,0,42,False,,Thursday
21205,,Brandon Koppy,Will Shortz,Normal,2023-08-04,Daily,,0,0,False,,Friday
21208,,John Guzzetta,Will Shortz,Normal,2023-08-05,Daily,,0,0,False,,Saturday
21248,1895.0,Lisa Senzel and Jeff Chen,Will Shortz,Normal,2023-08-06,Daily,What's Hanging?,0,52,False,,Sunday
21227,610.0,Chloe Revery and Alissa Revness,Will Shortz,Normal,2023-08-07,Daily,,0,100,True,Gold,Monday
21151,1166.0,Zachary David Levy,Will Shortz,Normal,2023-08-08,Daily,,0,100,True,Gold,Tuesday
21225,395.0,Caryn Robbins and Matthew Stock,Will Shortz,Normal,2023-08-09,Daily,,0,47,False,,Wednesday
21206,,Natan Last and the J.A.S.A. Crossword Class,Will Shortz,Normal,2023-08-10,Daily,,0,0,False,,Thursday
21250,,John-Clark Levin,Will Shortz,Normal,2023-08-11,Daily,,0,0,False,,Friday
21220,,Rachel Fabi and Christina Iverson,Will Shortz,Normal,2023-08-12,Daily,,0,0,False,,Saturday
21259,1736.0,Manaal Mohammed,Will Shortz,Normal,2023-08-13,Daily,Use Your Noodle,0,52,False,,Sunday
21267,686.0,Simon Marotte and Trenton Lee Stewart,Will Shortz,Normal,2023-08-14,Daily,,0,100,True,Gold,Monday
21237,701.0,Malaika Handa,Will Shortz,Normal,2023-08-15,Daily,,0,100,True,Gold,Tuesday
21224,1472.0,Mangesh Ghogre and Brendan Emmett Quigley,Will Shortz,Normal,2023-08-16,Daily,,0,100,True,,Wednesday
21269,,Erik Agard,Will Shortz,Normal,2023-08-17,Daily,,0,0,False,,Thursday
21226,,Kameron Austin Collins,Will Shortz,Normal,2023-08-18,Daily,,0,0,False,,Friday
21297,,David P. Williams,Will Shortz,Normal,2023-08-19,Daily,,0,0,False,,Saturday
21283,1302.0,Michael Schlossberg,Will Shortz,Normal,2023-08-20,Daily,Crunch Time,0,37,False,,Sunday
21299,951.0,Jennifer Nutt,Will Shortz,Normal,2023-08-21,Daily,,0,100,True,Gold,Monday
21246,1297.0,Jay Silverman,Will Shortz,Normal,2023-08-22,Daily,,0,100,True,,Tuesday
21247,,Michael Lieberman,Will Shortz,Normal,2023-08-23,Daily,,0,0,False,,Wednesday
21257,,Robin Yu,Will Shortz,Normal,2023-08-24,Daily,,0,0,False,,Thursday
21249,,Rafael Musa,Will Shortz,Normal,2023-08-25,Daily,,0,0,False,,Friday
21303,,Adrian Johnson,Will Shortz,Normal,2023-08-26,Daily,,0,0,False,,Saturday
21300,1242.0,Rich Katz,Will Shortz,Normal,2023-08-27,Daily,Wanna Be Startin' Somethin',0,43,False,,Sunday
21258,731.0,Brian Callahan,Will Shortz,Normal,2023-08-28,Daily,,0,100,True,Gold,Monday
21275,1043.0,Michle Govier,Will Shortz,Normal,2023-08-29,Daily,,0,100,True,Gold,Tuesday
21311,1679.0,Alex Eaton-Salners,Will Shortz,Normal,2023-08-30,Daily,,0,100,True,Gold,Wednesday
21315,2384.0,Freddie Cheng,Will Shortz,Normal,2023-08-31,Daily,,0,72,False,,Thursday
21329,297.0,Robert Logan,Will Shortz,Normal,2023-09-01,Daily,,0,30,False,,Friday
21287,8.0,Rebecca Goldstein,Will Shortz,Normal,2023-09-02,Daily,,0,0,False,,Saturday
21312,,Dylan Schiff,Will Shortz,Normal,2023-09-03,Daily,Computer Games,0,0,False,,Sunday
21244,864.0,Tom Pepper and Zhouqin Burnikel,Will Shortz,Normal,2023-09-04,Daily,,0,100,True,Gold,Monday
21243,926.0,Alan Siegel,Will Shortz,Normal,2023-09-05,Daily,,0,100,True,Gold,Tuesday
21286,686.0,Blake Slonecker,Will Shortz,Normal,2023-09-06,Daily,,0,53,False,,Wednesday
21298,1469.0,Ryan Patrick Smith,Will Shortz,Normal,2023-09-07,Daily,,0,44,False,,Thursday
21296,,Rachel Fabi and Ken Stern,Will Shortz,Normal,2023-09-08,Daily,,0,0,False,,Friday
21330,,Robert S. Gard,Will Shortz,Normal,2023-09-09,Daily,,0,0,False,,Saturday
21318,1536.0,Adam Wagner,Will Shortz,Normal,2023-09-10,Daily,Detours Ahead,0,49,False,,Sunday
21302,610.0,Hoang-Kim Vu,Will Shortz,Normal,2023-09-11,Daily,,0,100,True,Gold,Monday
21314,1144.0,Ella Dershowitz,Will Shortz,Normal,2023-09-12,Daily,,0,100,True,Gold,Tuesday
21313,1784.0,Guilherme Gilioli,Will Shortz,Normal,2023-09-13,Daily,,0,100,True,Gold,Wednesday
21316,1324.0,Vasu Seralathan,Will Shortz,Normal,2023-09-14,Daily,,0,73,False,,Thursday
21326,,David A. Rubin and Lee Demertzis,Will Shortz,Normal,2023-09-15,Daily,,0,0,False,,Friday
21317,,Jonathan Kaufman,Will Shortz,Normal,2023-09-16,Daily,,0,0,False,,Saturday
21333,1747.0,Jill Rafaloff and Michelle Sontarp,Will Shortz,Normal,2023-09-17,Daily,Classical Music,0,50,False,,Sunday
21325,710.0,Kevin Christian and Andrea Carla Michaels,Will Shortz,Normal,2023-09-18,Daily,,0,100,True,Gold,Monday
21328,1327.0,Gia Bosko,Will Shortz,Normal,2023-09-19,Daily,,0,100,True,Gold,Tuesday
21341,2310.0,Gina Turner,Will Shortz,Normal,2023-09-20,Daily,,0,100,True,Gold,Wednesday
21376,872.0,Dan Caprera,Will Shortz,Normal,2023-09-21,Daily,,0,30,False,,Thursday
21343,,Rafael Musa and Michael Lieberman,Will Shortz,Normal,2023-09-22,Daily,,0,0,False,,Friday
21344,,Robert Charlton,Will Shortz,Normal,2023-09-23,Daily,,0,0,False,,Saturday
21385,1241.0,Joel Fagliano and Christina Iverson,Will Shortz,Normal,2023-09-24,Daily,Rebrandings,0,45,False,,Sunday
21366,555.0,Lynn Lempel,Will Shortz,Normal,2023-09-25,Daily,,0,100,True,Gold,Monday
21357,1053.0,Shannon Rapp and Rebecca Goldstein,Will Shortz,Normal,2023-09-26,Daily,,0,100,True,Gold,Tuesday
21367,1097.0,Scott Koenig,Will Shortz,Normal,2023-09-27,Daily,,0,67,False,,Wednesday
21228,503.0,Ricky Cruz,Will Shortz,Normal,2023-09-28,Daily,,0,41,False,,Thursday
21346,,Malaika Handa,Will Shortz,Normal,2023-09-29,Daily,,0,0,False,,Friday
21347,,Ahmed  Bayoumi,Will Shortz,Normal,2023-09-30,Daily,,0,0,False,,Saturday
21374,915.0,Jeffrey Lease,Will Shortz,Normal,2023-10-01,Daily,Film Adaptations,0,53,False,,Sunday
21381,879.0,Alexandria Mason,Will Shortz,Normal,2023-10-02,Daily,,0,100,True,Gold,Monday
21363,1665.0,Troy Laedtke,Will Shortz,Normal,2023-10-03,Daily,,0,100,True,Gold,Tuesday
21364,1616.0,Gary Larson,Will Shortz,Normal,2023-10-04,Daily,,0,100,True,Gold,Wednesday
21368,466.0,Daniel Bodily,Will Shortz,Normal,2023-10-05,Daily,,0,35,False,,Thursday
21380,,Zhouqin Burnikel and Tom Pepper,Will Shortz,Normal,2023-10-06,Daily,,0,0,False,,Friday
21379,,Alex Vratsanos,Will Shortz,Normal,2023-10-07,Daily,,0,0,False,,Saturday
21389,4822.0,Sid Sivakumar,Will Shortz,Normal,2023-10-08,Daily,Tones of Voice,0,100,True,Gold,Sunday
21382,905.0,Zachary David Levy,Will Shortz,Normal,2023-10-09,Daily,,0,100,True,Gold,Monday
21387,1049.0,Nate Cardin,Will Shortz,Normal,2023-10-10,Daily,,0,100,True,Gold,Tuesday
21399,1691.0,Miranda Kany,Will Shortz,Normal,2023-10-11,Daily,,0,71,False,,Wednesday
21388,876.0,John Nagamichi Cho,Will Shortz,Normal,2023-10-12,Daily,,0,46,False,,Thursday
21383,,John-Clark Levin,Will Shortz,Normal,2023-10-13,Daily,,0,0,False,,Friday
21406,109.0,Byron Walden,Will Shortz,Normal,2023-10-14,Daily,,0,0,False,,Saturday
21402,2508.0,Jeff Chen and Juliana Tringali Golden,Will Shortz,Normal,2023-10-15,Daily,Doing Doughnuts,0,52,False,,Sunday
21396,601.0,Michael Lieberman and Andrea Carla Michaels,Will Shortz,Normal,2023-10-16,Daily,,0,100,True,Gold,Monday
21405,1608.0,Dominic Grillo,Will Shortz,Normal,2023-10-17,Daily,,0,100,True,Gold,Tuesday
21397,810.0,Joseph Gangi,Will Shortz,Normal,2023-10-18,Daily,,0,42,False,,Wednesday
21412,1153.0,Colin Ernst,Will Shortz,Normal,2023-10-19,Daily,,0,43,False,,Thursday
21445,1.0,Jacob McDermott,Will Shortz,Normal,2023-10-20,Daily,,0,0,False,,Friday
21413,13.0,Kelly Morenus,Will Shortz,Normal,2023-10-21,Daily,,0,0,False,,Saturday
21422,1623.0,Robert Ryan,Will Shortz,Normal,2023-10-22,Daily,You're Onto Something,0,44,False,,Sunday
21423,894.0,Stella Zawistowski,Will Shortz,Normal,2023-10-23,Daily,,0,100,True,Gold,Monday
21414,1421.0,Daniel Grinberg,Will Shortz,Normal,2023-10-24,Daily,,0,100,True,Gold,Tuesday
21411,1203.0,Aimee Lucido,Will Shortz,Normal,2023-10-25,Daily,,0,100,True,Gold,Wednesday
21427,904.0,John Donegan,Will Shortz,Normal,2023-10-26,Daily,,0,29,False,,Thursday
21418,,Adrian Johnson,Will Shortz,Normal,2023-10-27,Daily,,0,0,False,,Friday
21424,,Ryan McCarty,Will Shortz,Normal,2023-10-28,Daily,,0,0,False,,Saturday
21429,2045.0,Alina Abidi,Will Shortz,Normal,2023-10-29,Daily,Fabric-ations,0,65,False,,Sunday
21425,502.0,Kenneth Cortes,Will Shortz,Normal,2023-10-30,Daily,,0,100,True,Gold,Monday
21463,818.0,Kathy Lowden and Erik Piepenburg,Will Shortz,Normal,2023-10-31,Daily,,0,100,True,Gold,Tuesday
21428,884.0,Steve Weyer,Will Shortz,Normal,2023-11-01,Daily,,0,54,False,,Wednesday
21465,1765.0,Chase Dittrich and Christina Iverson,Will Shortz,Normal,2023-11-02,Daily,,0,100,True,Gold,Thursday
21437,338.0,Robyn Weintraub,Will Shortz,Normal,2023-11-03,Daily,,0,26,False,,Friday
21436,,David P. Williams,Will Shortz,Normal,2023-11-04,Daily,,0,0,False,,Saturday
21449,1207.0,Rich Katz,Will Shortz,Normal,2023-11-05,Daily,Double Talk,0,43,False,,Sunday
21447,941.0,Desire Penner and Jeff Sinnock,Will Shortz,Normal,2023-11-06,Daily,,0,100,True,Gold,Monday
21448,1117.0,Kevin Curry and Daniel Bodily,Will Shortz,Normal,2023-11-07,Daily,,0,100,True,Gold,Tuesday
21451,1835.0,Daniel Hrynick,Will Shortz,Normal,2023-11-08,Daily,,0,100,True,Gold,Wednesday
21342,991.0,Simeon Seigel,Will Shortz,Normal,2023-11-09,Daily,,0,35,False,,Thursday
21475,94.0,Kate Hawkins,Will Shortz,Normal,2023-11-10,Daily,,0,8,False,,Friday
21464,,Blake Slonecker,Will Shortz,Normal,2023-11-11,Daily,,0,0,False,,Saturday
21467,2818.0,Garrett Chalfin,Will Shortz,Normal,2023-11-12,Daily,Right on the Money,0,100,True,Gold,Sunday
21478,558.0,Benjamin Fink,Will Shortz,Normal,2023-11-13,Daily,,0,100,True,Gold,Monday
21477,891.0,Matthew Linzer,Will Shortz,Normal,2023-11-14,Daily,,0,100,True,Gold,Tuesday
21479,1352.0,Gary Larson,Will Shortz,Normal,2023-11-15,Daily,,0,100,True,,Wednesday
21476,1212.0,Paolo Pasco,Will Shortz,Normal,2023-11-16,Daily,,0,70,False,,Thursday
21489,,Hemant Mehta,Will Shortz,Normal,2023-11-17,Daily,,0,0,False,,Friday
21481,,Hoang-Kim Vu,Will Shortz,Normal,2023-11-18,Daily,,0,0,False,,Saturday
21480,2981.0,Rebecca Goldstein and Rachel Fabi,Will Shortz,Normal,2023-11-19,Daily,Thanksgiving Meal Prep,0,100,True,Gold,Sunday
21493,661.0,Sam Ezersky,Will Shortz,Normal,2023-11-20,Daily,,0,100,True,Gold,Monday
21491,1004.0,Kevin Christian and Andrea Carla Michaels,Will Shortz,Normal,2023-11-21,Daily,,0,100,True,Gold,Tuesday
21506,1200.0,Will Pfadenhauer,Will Shortz,Normal,2023-11-22,Daily,,0,100,True,,Wednesday
21490,1029.0,Vasu Seralathan,Will Shortz,Normal,2023-11-23,Daily,,0,58,False,,Thursday
21505,,Rafael Musa,Will Shortz,Normal,2023-11-24,Daily,,0,0,False,,Friday
21508,,Jeff Stillman,Will Shortz,Normal,2023-11-25,Daily,,0,0,False,,Saturday
21492,3723.0,Adam Wagner and Michael Lieberman,Will Shortz,Normal,2023-11-26,Daily,Growth Spurts,0,100,True,Gold,Sunday
21504,769.0,Ricky J. Sirois,Will Shortz,Normal,2023-11-27,Daily,,0,100,True,Gold,Monday
21509,964.0,Gia Bosko,Will Shortz,Normal,2023-11-28,Daily,,0,100,True,Gold,Tuesday
21549,1196.0,Ruth Bloomfield Margolin,Will Shortz,Normal,2023-11-29,Daily,,0,100,True,Gold,Wednesday
21507,1701.0,Jeffrey Martinovic and Jeff Chen,Will Shortz,Normal,2023-11-30,Daily,,0,100,True,Gold,Thursday
21517,297.0,Jem Burch,Will Shortz,Normal,2023-12-01,Daily,,0,34,False,,Friday
21529,,Royce Ferguson,Will Shortz,Normal,2023-12-02,Daily,,0,0,False,,Saturday
21512,3605.0,Tracy Bennett,Will Shortz,Normal,2023-12-03,Daily,Freestyling,0,100,True,Gold,Sunday
21524,695.0,Sean Ziebarth,Will Shortz,Normal,2023-12-04,Daily,,0,100,True,Gold,Monday
21539,826.0,Nate Cardin,Will Shortz,Normal,2023-12-05,Daily,,0,100,True,Gold,Tuesday
21527,1336.0,Peter A. Collins and Bruce Haight,Will Shortz,Normal,2023-12-06,Daily,,0,100,True,Gold,Wednesday
21528,1580.0,Rebecca Goldstein,Will Shortz,Normal,2023-12-07,Daily,,0,100,True,Gold,Thursday
21543,465.0,Robert Logan,Will Shortz,Normal,2023-12-08,Daily,,0,40,False,,Friday
21525,,Doug Peterson and Christina Iverson,Will Shortz,Normal,2023-12-09,Daily,,0,0,False,,Saturday
21518,3241.0,Zachary David Levy and Jeff Chen,Will Shortz,Normal,2023-12-10,Daily,Political Pun-ditry,0,100,True,Gold,Sunday
21546,606.0,Luke K. Schreiber,Will Shortz,Normal,2023-12-11,Daily,,0,100,True,Gold,Monday
21542,1315.0,Peter Gordon,Will Shortz,Normal,2023-12-12,Daily,,0,100,True,Gold,Tuesday
21550,1272.0,Alex Eaton-Salners,Will Shortz,Normal,2023-12-13,Daily,,0,100,True,Gold,Wednesday
21515,1054.0,Esha Datta,Will Shortz,Normal,2023-12-14,Daily,,0,100,True,Gold,Thursday
21547,1724.0,Alex Tomlinson,Will Shortz,Normal,2023-12-15,Daily,,0,93,False,,Friday
21551,,Garrett Chalfin,Will Shortz,Normal,2023-12-16,Daily,,0,0,False,,Saturday
21526,3535.0,Jeremy Newton,Will Shortz,Normal,2023-12-17,Daily,Get Over It,0,100,True,Gold,Sunday
21545,531.0,Joe Marquez,Will Shortz,Normal,2023-12-18,Daily,,0,100,True,Gold,Monday
21544,1148.0,Seth Weitberg,Will Shortz,Normal,2023-12-19,Daily,,0,100,True,Gold,Tuesday
21566,1781.0,Brad Wiegmann,Will Shortz,Normal,2023-12-20,Daily,,0,100,True,Gold,Wednesday
21548,1099.0,David Steinberg,Will Shortz,Normal,2023-12-21,Daily,,0,100,True,Gold,Thursday
21579,126.0,Brooke Husic and Brendan Emmett Quigley,Will Shortz,Normal,2023-12-22,Daily,,0,8,False,,Friday
21560,433.0,Will Nediger,Will Shortz,Normal,2023-12-23,Daily,,0,28,False,,Saturday
21568,3654.0,Drew Schmenner,Will Shortz,Normal,2023-12-24,Daily,Wrap Stars,0,100,True,Gold,Sunday
21567,775.0,Amie Walker,Will Shortz,Normal,2023-12-25,Daily,,0,100,True,Gold,Monday
21564,1167.0,Neil Shook,Will Shortz,Normal,2023-12-26,Daily,,0,100,True,Gold,Tuesday
21563,1366.0,Kareem Ayas,Will Shortz,Normal,2023-12-27,Daily,,0,100,True,Gold,Wednesday
21608,1269.0,Kiran Pandey,Will Shortz,Normal,2023-12-28,Daily,,0,100,True,Gold,Thursday
21609,1052.0,Robyn Weintraub,Will Shortz,Normal,2023-12-29,Daily,,0,43,False,,Friday
21565,744.0,Simeon Seigel,Will Shortz,Normal,2023-12-30,Daily,,0,46,False,,Saturday
21592,3157.0,Matt Linzer and Rafael Musa,Will Shortz,Normal,2023-12-31,Daily,It's Going Down,0,100,True,Gold,Sunday
21588,458.0,Harry Zheng,Will Shortz,Normal,2024-01-01,Daily,,0,100,True,Gold,Monday
21607,688.0,Jeffrey Martinovic,Will Shortz,Normal,2024-01-02,Daily,,0,100,True,Gold,Tuesday
21596,1347.0,Jared Goudsmit,Will Shortz,Normal,2024-01-03,Daily,,0,100,True,Gold,Wednesday
21557,1341.0,Chase Dittrich and Christina Iverson,Will Shortz,Normal,2024-01-04,Daily,,0,100,True,Gold,Thursday
21613,654.0,David P. Williams,Will Shortz,Normal,2024-01-05,Daily,,0,38,False,,Friday
21611,,Ben Tolkin and Julian Xiao,Will Shortz,Normal,2024-01-06,Daily,,0,0,False,,Saturday
21552,3443.0,Michael Schlossberg,Will Shortz,Normal,2024-01-07,Daily,Gimme a Second!,0,100,True,Gold,Sunday
21626,465.0,Nate Cardin,Will Shortz,Normal,2024-01-08,Daily,,0,100,True,Gold,Monday
21614,954.0,Adam Wagner,Will Shortz,Normal,2024-01-09,Daily,,0,100,True,Gold,Tuesday
21604,2028.0,Chloe Revery and Alissa Revness,Will Shortz,Normal,2024-01-10,Daily,,0,100,True,Gold,Wednesday
21541,1542.0,Damon Gulczynski,Will Shortz,Normal,2024-01-11,Daily,,0,100,True,Gold,Thursday
21620,36.0,Hemant Mehta,Will Shortz,Normal,2024-01-12,Daily,,0,2,False,,Friday
21625,1716.0,Hoang-Kim Vu,Will Shortz,Normal,2024-01-13,Daily,,0,100,True,Gold,Saturday
21610,2944.0,John Kugelman,Will Shortz,Normal,2024-01-14,Daily,"Er, In Other Words ",0,100,True,Gold,Sunday
21615,817.0,Peter A. Collins,Will Shortz,Normal,2024-01-15,Daily,,0,100,True,Gold,Monday
21622,1252.0,Marshal Herrmann,Will Shortz,Normal,2024-01-16,Daily,,0,100,True,Gold,Tuesday
21647,1341.0,Morton J. Mendelson,Will Shortz,Normal,2024-01-17,Daily,,0,100,True,Gold,Wednesday
21648,1928.0,Jon Michnovicz and Carl Michnovicz,Will Shortz,Normal,2024-01-18,Daily,,0,100,True,Gold,Thursday
21645,,Jacob McDermott,Will Shortz,Normal,2024-01-19,Daily,,0,0,False,,Friday
21623,1.0,Caitlin Reid and Matthew Stock,Will Shortz,Normal,2024-01-20,Daily,,0,0,False,,Saturday
21639,3821.0,John Westwig,Will Shortz,Normal,2024-01-21,Daily,Funny Business,0,100,True,Gold,Sunday
21638,626.0,Jake Halperin,Will Shortz,Normal,2024-01-22,Daily,,0,100,True,Gold,Monday
21637,1050.0,Patrick Maher,Will Shortz,Normal,2024-01-23,Daily,,0,100,True,Gold,Tuesday
21655,1017.0,John-Clark Levin,Will Shortz,Normal,2024-01-24,Daily,,0,100,True,Gold,Wednesday
21629,1949.0,Sam Ezersky,Will Shortz,Normal,2024-01-25,Daily,,0,100,True,Gold,Thursday
21627,1482.0,Sarah Sinclair and Rafael Musa,Will Shortz,Normal,2024-01-26,Daily,,0,100,True,Gold,Friday
21654,609.0,Grace Warrington and Greg Warrington,Will Shortz,Normal,2024-01-27,Daily,,0,38,False,,Saturday
21649,3169.0,Nathan Hasegawa,Will Shortz,Normal,2024-01-28,Daily,Hammer Time ,0,100,True,Gold,Sunday
21656,953.0,Garrett Chalfin and Andrew Kingsley,Will Shortz,Normal,2024-01-29,Daily,,0,100,True,Gold,Monday
21658,1142.0,Freddie Cheng,Will Shortz,Normal,2024-01-30,Daily,,0,100,True,Gold,Tuesday
21657,1672.0,Nathan Hale,Will Shortz,Normal,2024-01-31,Daily,,0,100,True,Gold,Wednesday
21660,2132.0,Simeon Seigel,Will Shortz,Normal,2024-02-01,Daily,,0,100,True,Gold,Thursday
21662,1014.0,Ryan Judge,Will Shortz,Normal,2024-02-02,Daily,,0,47,False,,Friday
21659,,Carolyn Davies Lynch and Jeff Chen,Will Shortz,Normal,2024-02-03,Daily,,0,0,False,,Saturday
21661,3134.0,Daniel Grinberg,Will Shortz,Normal,2024-02-04,Daily,Punch Lines ,0,100,True,Gold,Sunday
21668,711.0,Desire Penner and Jeff Sinnock,Will Shortz,Normal,2024-02-05,Daily,,0,100,True,Gold,Monday
21667,883.0,Victor Barocas,Will Shortz,Normal,2024-02-06,Daily,,0,100,True,Gold,Tuesday
21678,1428.0,Daniel Mauer,Will Shortz,Normal,2024-02-07,Daily,,0,100,True,Gold,Wednesday
21673,1746.0,Samuel A. Donaldson,Will Shortz,Normal,2024-02-08,Daily,,0,100,True,Gold,Thursday
21682,1408.0,Christina Iverson,Will Shortz,Normal,2024-02-09,Daily,,0,96,False,,Friday
21684,,Zhouqin Burnikel,Will Shortz,Normal,2024-02-10,Daily,,0,0,False,,Saturday
21670,3455.0,Peter Koetters,Will Shortz,Normal,2024-02-11,Daily,Bright Ideas,0,100,True,Gold,Sunday
21687,595.0,Jess Shulman and Amie Walker,Will Shortz,Normal,2024-02-12,Daily,,0,100,True,Gold,Monday
21688,1113.0,Peter Gordon,Will Shortz,Normal,2024-02-13,Daily,,0,100,True,Gold,Tuesday
21685,1190.0,Ella Dershowitz,Will Shortz,Normal,2024-02-14,Daily,,0,100,True,Gold,Wednesday
21674,1731.0,Teddy Katz and Rich Katz,Will Shortz,Normal,2024-02-15,Daily,,0,98,True,,Thursday
21679,,Colin Adams,Will Shortz,Normal,2024-02-16,Daily,,0,0,False,,Friday
21669,,Spencer Leach and Jem Burch,Will Shortz,Normal,2024-02-17,Daily,,0,0,False,,Saturday
21689,3519.0,Sid Sivakumar,Will Shortz,Normal,2024-02-18,Daily,The Inside Scoop,0,100,True,Gold,Sunday
21699,866.0,Adam Wagner,Will Shortz,Normal,2024-02-19,Daily,,0,100,True,Gold,Monday
21711,1615.0,Robert S. Gard,Will Shortz,Normal,2024-02-20,Daily,,0,100,True,Gold,Tuesday
21698,1843.0,Jeffrey Martinovic,Will Shortz,Normal,2024-02-21,Daily,,0,100,True,Gold,Wednesday
21686,1516.0,Dan Schoenholz,Will Shortz,Normal,2024-02-22,Daily,,0,55,False,,Thursday
21690,,Larry Snyder,Will Shortz,Normal,2024-02-23,Daily,,0,0,False,,Friday
21700,,Rebecca Goldstein and Rafael Musa,Will Shortz,Normal,2024-02-24,Daily,,0,0,False,,Saturday
21710,2811.0,Scott Hogan and Katie Hale,Will Shortz,Normal,2024-02-25,Daily,Special Treatment,0,100,True,,Sunday
21712,508.0,Joe Marquez,Will Shortz,Normal,2024-02-26,Daily,,0,100,True,Gold,Monday
21727,833.0,Nate Cardin,Will Shortz,Normal,2024-02-27,Daily,,0,100,True,Gold,Tuesday
21720,1281.0,Greg Snitkin,Will Shortz,Normal,2024-02-28,Daily,,0,100,True,Gold,Wednesday
21701,3046.0,Esha Datta,Will Shortz,Normal,2024-02-29,Daily,,0,100,True,Gold,Thursday
21738,43.0,Julian Xiao,Will Shortz,Normal,2024-03-01,Daily,,0,3,False,,Friday
21732,,Natan Last,Will Shortz,Normal,2024-03-02,Daily,,0,0,False,,Saturday
21743,3660.0,Hoang-Kim Vu,Will Shortz,Normal,2024-03-03,Daily,Countdown,0,100,True,,Sunday
21736,619.0,Samantha Podos Nowak,Will Shortz,Normal,2024-03-04,Daily,,0,100,True,Gold,Monday
21747,965.0,Christina Iverson,Will Shortz,Normal,2024-03-05,Daily,,0,100,True,Gold,Tuesday
21739,1438.0,Brad Wiegmann,Will Shortz,Normal,2024-03-06,Daily,,0,100,True,Gold,Wednesday
21733,1923.0,Joe O'Neill,Will Shortz,Normal,2024-03-07,Daily,,0,71,False,,Thursday
21748,,Jackson Matz,Will Shortz,Normal,2024-03-08,Daily,,0,0,False,,Friday
21740,,John Guzzetta,Will Shortz,Normal,2024-03-09,Daily,,0,0,False,,Saturday
21757,3203.0,Enrique Henestroza Anguiano and Matthew Stock,Will Shortz,Normal,2024-03-10,Daily,Rack 'Em Up,0,100,True,,Sunday
21763,519.0,Rebecca Goldstein and Rachel Fabi,Will Shortz,Normal,2024-03-11,Daily,,0,100,True,Gold,Monday
21755,1510.0,Andrew Kingsley and Garrett Chalfin,Will Shortz,Normal,2024-03-12,Daily,,0,100,True,Gold,Tuesday
21749,903.0,Drew Schmenner,Will Shortz,Normal,2024-03-13,Daily,,0,67,False,,Wednesday
21758,,Jeffrey Martinovic,Joel Fagliano,Normal,2024-03-14,Daily,,0,0,False,,Thursday
21750,,Daniel Grinberg,Joel Fagliano,Normal,2024-03-15,Daily,,0,0,False,,Friday
21759,,Carly Schuna,Joel Fagliano,Normal,2024-03-16,Daily,,0,0,False,,Saturday
21777,1184.0,Simeon Seigel,Joel Fagliano,Normal,2024-03-17,Daily,All Over the Map,0,32,False,,Sunday
21776,515.0,Trent H. Evans,Joel Fagliano,Normal,2024-03-18,Daily,,0,100,True,Gold,Monday
21788,1046.0,Lynn Lempel,Joel Fagliano,Normal,2024-03-19,Daily,,0,100,True,Gold,Tuesday
21768,1163.0,E. M. Capassakis,Joel Fagliano,Normal,2024-03-20,Daily,,0,95,False,,Wednesday
21771,368.0,Joe Marquez,Joel Fagliano,Normal,2024-03-21,Daily,,0,20,False,,Thursday
21767,,Mansi Kothari and Erik Agard,Joel Fagliano,Normal,2024-03-22,Daily,,0,0,False,,Friday
21754,,Sam Ezersky,Joel Fagliano,Normal,2024-03-23,Daily,,0,0,False,,Saturday
21779,985.0,John Kugelman,Joel Fagliano,Normal,2024-03-24,Daily,Feeling Possessive,0,25,False,,Sunday
21770,366.0,Shannon Rapp and Will Eisenberg,Joel Fagliano,Normal,2024-03-25,Daily,,0,100,True,Gold,Monday
21795,1545.0,Laura Dershewitz and Katherine Baicker,Joel Fagliano,Normal,2024-03-26,Daily,,0,100,True,Gold,Tuesday
21775,1055.0,Rich Katz,Joel Fagliano,Normal,2024-03-27,Daily,,0,100,True,Gold,Wednesday
21769,1330.0,Dominic Grillo,Joel Fagliano,Normal,2024-03-28,Daily,,0,100,True,Gold,Thursday
21787,88.0,Jake Bunch,Joel Fagliano,Normal,2024-03-29,Daily,,0,10,False,,Friday
21796,,Blake Slonecker,Joel Fagliano,Normal,2024-03-30,Daily,,0,0,False,,Saturday
21792,1697.0,Spencer Leach,Joel Fagliano,Normal,2024-03-31,Daily,Turns of Phrase,0,62,False,,Sunday
21790,793.0,Alan Arbesfeld,Joel Fagliano,Normal,2024-04-01,Daily,,0,100,True,Gold,Monday
21797,868.0,Billy Bratton,Joel Fagliano,Normal,2024-04-02,Daily,,0,100,True,Gold,Tuesday
21765,1448.0,Alex Eaton-Salners,Joel Fagliano,Normal,2024-04-03,Daily,,0,100,True,Gold,Wednesday
21791,412.0,Kevin Curry,Joel Fagliano,Normal,2024-04-04,Daily,,0,25,False,,Thursday
21798,,Rebecca Goldstein,Joel Fagliano,Normal,2024-04-05,Daily,,0,0,False,,Friday
21820,,Byron Walden,Joel Fagliano,Normal,2024-04-06,Daily,,0,0,False,,Saturday
21802,2373.0,Tracy Gray,Joel Fagliano,Normal,2024-04-07,Daily,Double Duty,0,100,True,Gold,Sunday
21801,531.0,Peter Gordon,Joel Fagliano,Normal,2024-04-08,Daily,,0,100,True,Gold,Monday
21799,750.0,Caroline Sommers and Freddie Cheng,Joel Fagliano,Normal,2024-04-09,Daily,,0,100,True,Gold,Tuesday
21789,673.0,Bill Thompson,Joel Fagliano,Normal,2024-04-10,Daily,,0,49,False,,Wednesday
21812,68.0,Dan Caprera,Joel Fagliano,Normal,2024-04-11,Daily,,0,6,False,,Thursday
21805,,Evan Kalish,Joel Fagliano,Normal,2024-04-12,Daily,,0,0,False,,Friday
21821,,Jess Rucks,Joel Fagliano,Normal,2024-04-13,Daily,,0,0,False,,Saturday
21819,926.0,John Rippe and Jeff Chen,Joel Fagliano,Normal,2024-04-14,Daily,Savings Plan,0,39,False,,Sunday
21814,663.0,Amanda Winters,Joel Fagliano,Normal,2024-04-15,Daily,,0,100,True,Gold,Monday
21829,764.0,Adam Vincent,Joel Fagliano,Normal,2024-04-16,Daily,,0,100,True,Gold,Tuesday
21816,1087.0,Joseph Gangi,Joel Fagliano,Normal,2024-04-17,Daily,,0,86,False,,Wednesday
21837,,David Kwong,Joel Fagliano,Normal,2024-04-18,Daily,,0,0,False,,Thursday
21836,,Kate Hawkins,Joel Fagliano,Normal,2024-04-19,Daily,,0,0,False,,Friday
21817,,Garrett Chalfin and Andrew Kingsley,Joel Fagliano,Normal,2024-04-20,Daily,,0,0,False,,Saturday
21830,,Michael Schlossberg,Joel Fagliano,Normal,2024-04-21,Daily,Get Cracking,0,0,False,,Sunday
21842,741.0,David J. Kahn,Joel Fagliano,Normal,2024-04-22,Daily,,0,100,True,Gold,Monday
21843,760.0,Judy Bowers,Joel Fagliano,Normal,2024-04-23,Daily,,0,100,True,Gold,Tuesday
21831,,Jeffrey Martinovic,Joel Fagliano,Normal,2024-04-24,Daily,,0,0,False,,Wednesday
21841,,Hanh Huynh,Joel Fagliano,Normal,2024-04-25,Daily,,0,0,False,,Thursday
21846,,Matthew Stock and Christina Iverson,Joel Fagliano,Normal,2024-04-26,Daily,,0,0,False,,Friday
21848,,Rich Norris,Joel Fagliano,Normal,2024-04-27,Daily,,0,0,False,,Saturday
21844,,Mike Ellison,Joel Fagliano,Normal,2024-04-28,Daily,The Sounds of Music,0,0,False,,Sunday
21873,543.0,Tom Locke,Joel Fagliano,Normal,2024-04-29,Daily,,0,100,True,Gold,Monday
21874,913.0,Michle Govier,Joel Fagliano,Normal,2024-04-30,Daily,,0,100,True,Gold,Tuesday
21854,1375.0,Juliana Tringali Golden,Joel Fagliano,Normal,2024-05-01,Daily,,0,83,False,,Wednesday
21855,1.0,Brandon Koppy,Joel Fagliano,Normal,2024-05-02,Daily,,0,0,False,,Thursday
21880,,Eli Cotham,Joel Fagliano,Normal,2024-05-03,Daily,,0,0,False,,Friday
21800,,Jacob McDermott,Joel Fagliano,Normal,2024-05-04,Daily,,0,0,False,,Saturday
21865,,Daniel Bodily,Joel Fagliano,Normal,2024-05-05,Daily,From the Astronaut's Logbook,0,0,False,,Sunday
21893,239.0,Malaika Handa,Joel Fagliano,Normal,2024-05-06,Daily,,0,100,True,Gold,Monday
21884,737.0,Justin Werfel,Joel Fagliano,Normal,2024-05-07,Daily,,0,88,False,,Tuesday
21887,,Michael Schlossberg,Joel Fagliano,Normal,2024-05-08,Daily,,0,0,False,,Wednesday
21894,,Joe DiPietro,Joel Fagliano,Normal,2024-05-09,Daily,,0,0,False,,Thursday
21891,,Jesse Cohn,Joel Fagliano,Normal,2024-05-10,Daily,,0,0,False,,Friday
21856,,Billy Bratton,Joel Fagliano,Normal,2024-05-11,Daily,,0,0,False,,Saturday
21889,1302.0,Avery Gee Katz,Joel Fagliano,Normal,2024-05-12,Daily,Pixar Box Set,0,51,False,,Sunday
21916,590.0,Jeremy Newton,Joel Fagliano,Normal,2024-05-13,Daily,,0,100,True,Gold,Monday
21895,823.0,Alex Eaton-Salners,Joel Fagliano,Normal,2024-05-14,Daily,,0,100,True,Gold,Tuesday
21917,630.0,MaryEllen Uthlaut,Joel Fagliano,Normal,2024-05-15,Daily,,0,76,False,,Wednesday
21898,152.0,Sara Muchnick,Joel Fagliano,Normal,2024-05-16,Daily,,0,2,False,,Thursday
21896,,Hemant Mehta,Joel Fagliano,Normal,2024-05-17,Daily,,0,0,False,,Friday
21815,,Adrian Johnson,Joel Fagliano,Normal,2024-05-18,Daily,,0,0,False,,Saturday
21897,,Christina Iverson and Katie Hale,Joel Fagliano,Normal,2024-05-19,Daily,Hold Your Doze,0,0,False,,Sunday
21892,338.0,Jack Scherban,Joel Fagliano,Normal,2024-05-20,Daily,,0,100,True,Gold,Monday
21918,1042.0,Zachary David Levy,Joel Fagliano,Normal,2024-05-21,Daily,,0,100,True,Gold,Tuesday
21928,1060.0,Martin Schneider,Joel Fagliano,Normal,2024-05-22,Daily,,0,72,False,,Wednesday
21921,,Adam Wagner,Joel Fagliano,Normal,2024-05-23,Daily,,0,0,False,,Thursday
21919,,Carolyn Davies Lynch,Joel Fagliano,Normal,2024-05-24,Daily,,0,0,False,,Friday
21929,,David P. Williams,Joel Fagliano,Normal,2024-05-25,Daily,,0,0,False,,Saturday
21920,1578.0,John Kugelman,Joel Fagliano,Normal,2024-05-26,Daily,Roughly Speaking,0,52,False,,Sunday
21925,431.0,Christopher Youngs,Joel Fagliano,Normal,2024-05-27,Daily,,0,100,True,Gold,Monday
21927,522.0,Chris Leatherberry,Joel Fagliano,Normal,2024-05-28,Daily,,0,88,False,,Tuesday
21931,,Jeanne Breen and Jeff Chen,Joel Fagliano,Normal,2024-05-29,Daily,,0,0,False,,Wednesday
21922,,Royce Ferguson,Joel Fagliano,Normal,2024-05-30,Daily,,0,0,False,,Thursday
21955,,Aidan Deshong,Joel Fagliano,Normal,2024-05-31,Daily,,0,0,False,,Friday
21930,,Eric Warren,Joel Fagliano,Normal,2024-06-01,Daily,,0,0,False,,Saturday
21937,994.0,Luke K. Schreiber,Joel Fagliano,Normal,2024-06-02,Daily,Typecasting,0,50,False,,Sunday
21963,378.0,Alana Platt,Joel Fagliano,Normal,2024-06-03,Daily,,0,100,True,Gold,Monday
21948,606.0,Daniel Bodily,Joel Fagliano,Normal,2024-06-04,Daily,,0,100,True,Gold,Tuesday
21903,1179.0,David Rockow,Joel Fagliano,Normal,2024-06-05,Daily,,0,100,True,Gold,Wednesday
21940,1587.0,Michael Lieberman,Joel Fagliano,Normal,2024-06-06,Daily,,0,100,True,,Thursday
21939,,Alice Liang and Christina Iverson,Joel Fagliano,Normal,2024-06-07,Daily,,0,0,False,,Friday
21974,,Daniel Sheremeta,Joel Fagliano,Normal,2024-06-08,Daily,,0,0,False,,Saturday
21956,1351.0,Zachary Schiff,Joel Fagliano,Normal,2024-06-09,Daily,Quiet Time,0,65,False,,Sunday
21960,487.0,Kareem Ayas,Joel Fagliano,Normal,2024-06-10,Daily,,0,100,True,Gold,Monday
21961,1200.0,Chloe Revery,Joel Fagliano,Normal,2024-06-11,Daily,,0,100,True,Gold,Tuesday
21962,1327.0,Simeon Seigel,Joel Fagliano,Normal,2024-06-12,Daily,,0,100,True,Gold,Wednesday
21976,1375.0,Kevin Curry,Joel Fagliano,Normal,2024-06-13,Daily,,0,100,True,Gold,Thursday
21977,432.0,Robyn Weintraub,Joel Fagliano,Normal,2024-06-14,Daily,,0,28,False,,Friday
21964,,Ryan Judge,Joel Fagliano,Normal,2024-06-15,Daily,,0,0,False,,Saturday
21975,1197.0,Chandi Deitmer and Wyna Liu,Joel Fagliano,Normal,2024-06-16,Daily,Connections,0,57,False,,Sunday
21979,329.0,Kiran Pandey,Joel Fagliano,Normal,2024-06-17,Daily,,0,100,True,Gold,Monday
21978,1096.0,Aaron M. Rosenberg,Joel Fagliano,Normal,2024-06-18,Daily,,0,100,True,Gold,Tuesday
21995,1210.0,Brad Wiegmann,Joel Fagliano,Normal,2024-06-19,Daily,,0,100,True,Gold,Wednesday
21981,1086.0,Ella Dershowitz,Joel Fagliano,Normal,2024-06-20,Daily,,0,85,False,,Thursday
21980,,Billy Bratton,Joel Fagliano,Normal,2024-06-21,Daily,,0,0,False,,Friday
21973,,Hoang-Kim Vu,Joel Fagliano,Normal,2024-06-22,Daily,,0,0,False,,Saturday
21991,1297.0,Michael Schlossberg,Joel Fagliano,Normal,2024-06-23,Daily,Picture Day,0,55,False,,Sunday
22006,794.0,Anthony V. Grubb,Joel Fagliano,Normal,2024-06-24,Daily,,0,100,True,Gold,Monday
22016,825.0,Seth Bisen-Hersh and Jeff Chen,Joel Fagliano,Normal,2024-06-25,Daily,,0,100,True,Gold,Tuesday
22001,1230.0,Rebecca Goldstein,Joel Fagliano,Normal,2024-06-26,Daily,,0,100,True,Gold,Wednesday
21997,1965.0,Paolo Pasco and Sarah Sinclair,Joel Fagliano,Normal,2024-06-27,Daily,,0,100,True,Gold,Thursday
22011,702.0,Enrique Henestroza Anguiano,Joel Fagliano,Normal,2024-06-28,Daily,,0,43,False,,Friday
22018,,Adrian Johnson and Rafael Musa,Joel Fagliano,Normal,2024-06-29,Daily,,0,0,False,,Saturday
22013,1526.0,Ginny Too,Joel Fagliano,Normal,2024-06-30,Daily,Misstated,0,54,False,,Sunday
22027,504.0,Margi Stevenson,Joel Fagliano,Normal,2024-07-01,Daily,,0,100,True,Gold,Monday
22014,1059.0,Josh Goodman,Joel Fagliano,Normal,2024-07-02,Daily,,0,100,True,Gold,Tuesday
22017,2111.0,Juliana Tringali Golden,Joel Fagliano,Normal,2024-07-03,Daily,,0,100,True,Gold,Wednesday
22041,1693.0,Adam Vincent,Joel Fagliano,Normal,2024-07-04,Daily,,0,100,True,,Thursday
22028,464.0,Trent H. Evans,Joel Fagliano,Normal,2024-07-05,Daily,,0,43,False,,Friday
22000,,Evans Clinchy,Joel Fagliano,Normal,2024-07-06,Daily,,0,0,False,,Saturday
22033,3370.0,David Karp,Joel Fagliano,Normal,2024-07-07,Daily,Double Digits,0,100,True,Gold,Sunday
22029,568.0,Daniel Bodily and Andrea Carla Michaels,Joel Fagliano,Normal,2024-07-08,Daily,,0,100,True,Gold,Monday
22032,562.0,Gary Larson and Amy Ensz,Joel Fagliano,Normal,2024-07-09,Daily,,0,100,True,Gold,Tuesday
22031,2060.0,Hal Moore,Joel Fagliano,Normal,2024-07-10,Daily,,0,100,True,Gold,Wednesday
22015,1694.0,Mat Shelden,Joel Fagliano,Normal,2024-07-11,Daily,,0,100,True,,Thursday
22043,1690.0,Malaika Handa,Joel Fagliano,Normal,2024-07-12,Daily,,0,100,True,Gold,Friday
22044,,Eli Cotham,Joel Fagliano,Normal,2024-07-13,Daily,,0,0,False,,Saturday
22030,2644.0,Jeff Chen,Joel Fagliano,Normal,2024-07-14,Daily,It Goes Both Ways,0,100,True,Gold,Sunday
22048,418.0,Tarun Krishnamurthy,Joel Fagliano,Normal,2024-07-15,Daily,,0,100,True,Gold,Monday
22058,1073.0,Kelly Richardson,Joel Fagliano,Normal,2024-07-16,Daily,,0,100,True,Gold,Tuesday
21998,1000.0,Alex Eaton-Salners,Joel Fagliano,Normal,2024-07-17,Daily,,0,100,True,Gold,Wednesday
22046,1760.0,Kareem Ayas,Joel Fagliano,Normal,2024-07-18,Daily,,0,100,True,Gold,Thursday
22045,1460.0,Jacob McDermott,Joel Fagliano,Normal,2024-07-19,Daily,,0,100,True,Gold,Friday
22047,587.0,Ricky J. Sirois,Joel Fagliano,Normal,2024-07-20,Daily,,0,45,False,,Saturday
22050,2494.0,John Ewbank,Joel Fagliano,Normal,2024-07-21,Daily,In My Defense ...,0,100,True,Gold,Sunday
22083,521.0,Laura Dershewitz,Joel Fagliano,Normal,2024-07-22,Daily,,0,100,True,Gold,Monday
22072,582.0,Sarah Sinclair and Amie Walker,Joel Fagliano,Normal,2024-07-23,Daily,,0,100,True,Gold,Tuesday
22049,802.0,Shaun Phillips,Joel Fagliano,Normal,2024-07-24,Daily,,0,100,True,Gold,Wednesday
22073,2243.0,Damon Gulczynski,Joel Fagliano,Normal,2024-07-25,Daily,,0,100,True,Gold,Thursday
22074,1067.0,Andy Kravis,Joel Fagliano,Normal,2024-07-26,Daily,,0,100,True,Gold,Friday
22077,1517.0,Barbara Lin and Matthew Stock,Joel Fagliano,Normal,2024-07-27,Daily,,0,33,False,,Saturday
22061,3058.0,Paolo Pasco,Joel Fagliano,Normal,2024-07-28,Daily,The Big Five-O,0,100,True,Gold,Sunday
22086,432.0,Jeffrey Lease,Joel Fagliano,Normal,2024-07-29,Daily,,0,100,True,Gold,Monday
22084,878.0,Jeffrey Martinovic and Will Nediger,Joel Fagliano,Normal,2024-07-30,Daily,,0,100,True,Gold,Tuesday
22085,1918.0,Jackson Matz and Ben Matz,Joel Fagliano,Normal,2024-07-31,Daily,,0,100,True,Gold,Wednesday
22092,1585.0,Rajeswari Rajamani,Joel Fagliano,Normal,2024-08-01,Daily,,0,100,True,Gold,Thursday
22093,705.0,Kate Chin Park,Joel Fagliano,Normal,2024-08-02,Daily,,0,34,False,,Friday
22094,,Rich Norris,Joel Fagliano,Normal,2024-08-03,Daily,,0,0,False,,Saturday
22087,3971.0,Scott Hogan and Katie Hale,Joel Fagliano,Normal,2024-08-04,Daily,"Weather, Man!",0,100,True,Gold,Sunday
22101,436.0,Andy Walker,Joel Fagliano,Normal,2024-08-05,Daily,,0,100,True,Gold,Monday
22113,968.0,Daniel Raymon,Joel Fagliano,Normal,2024-08-06,Daily,,0,100,True,Gold,Tuesday
22096,1601.0,Meghan Morris,Joel Fagliano,Normal,2024-08-07,Daily,,0,100,True,,Wednesday
22109,1294.0,Christopher Youngs,Joel Fagliano,Normal,2024-08-08,Daily,,0,100,True,,Thursday
22114,,Hemant Mehta,Joel Fagliano,Normal,2024-08-09,Daily,,0,0,False,,Friday
22110,,Spencer Leach,Joel Fagliano,Normal,2024-08-10,Daily,,0,0,False,,Saturday
22098,2275.0,Caryn Robbins,Joel Fagliano,Normal,2024-08-11,Daily,Take the El Train,0,100,True,Gold,Sunday
22119,368.0,Shaun Phillips,Joel Fagliano,Normal,2024-08-12,Daily,,0,100,True,Gold,Monday
22118,1120.0,Benjamin Panico,Joel Fagliano,Normal,2024-08-13,Daily,,0,100,True,Gold,Tuesday
22122,1194.0,Samuel A. Donaldson,Joel Fagliano,Normal,2024-08-14,Daily,,0,100,True,Gold,Wednesday
22117,1522.0,Damon Gulczynski,Joel Fagliano,Normal,2024-08-15,Daily,,0,100,True,Gold,Thursday
22095,895.0,Kate Hawkins,Joel Fagliano,Normal,2024-08-16,Daily,,0,89,False,,Friday
22120,,Brandon Koppy,Joel Fagliano,Normal,2024-08-17,Daily,,0,0,False,,Saturday
22129,2224.0,Rebecca Goldstein and Will Nediger,Joel Fagliano,Normal,2024-08-18,Daily,For Your Amusement,0,100,True,Gold,Sunday
22133,510.0,Kenneth Cortes,Joel Fagliano,Normal,2024-08-19,Daily,,0,100,True,Gold,Monday
22139,1097.0,Sam Buchbinder,Joel Fagliano,Normal,2024-08-20,Daily,,0,100,True,Gold,Tuesday
22130,996.0,Stacey Yaruss McCullough,Joel Fagliano,Normal,2024-08-21,Daily,,0,100,True,Gold,Wednesday
22137,978.0,Brad Wiegmann,Joel Fagliano,Normal,2024-08-22,Daily,,0,59,False,,Thursday
22131,1.0,Taylor Johnson and Rafael Musa,Joel Fagliano,Normal,2024-08-23,Daily,,0,0,False,,Friday
22138,,Ryan McCarty,Joel Fagliano,Normal,2024-08-24,Daily,,0,0,False,,Saturday
22134,1858.0,John Kugelman,Joel Fagliano,Normal,2024-08-25,Daily,Is There an Echo in Here?,0,72,False,,Sunday
22159,518.0,Zachary David Levy,Joel Fagliano,Normal,2024-08-26,Daily,,0,100,True,Gold,Monday
22152,889.0,Julia Hoepner,Joel Fagliano,Normal,2024-08-27,Daily,,0,100,True,Gold,Tuesday
22158,1441.0,Jesse Goldberg,Joel Fagliano,Normal,2024-08-28,Daily,,0,100,True,Gold,Wednesday
22160,2552.0,Simeon Seigel,Joel Fagliano,Normal,2024-08-29,Daily,,0,100,True,Gold,Thursday
22132,1045.0,Colin Adams,Joel Fagliano,Normal,2024-08-30,Daily,,0,76,False,,Friday
22161,,Sam Ezersky,Joel Fagliano,Normal,2024-08-31,Daily,,0,0,False,,Saturday
22163,2909.0,Chandi Deitmer and Matthew Stock,Joel Fagliano,Normal,2024-09-01,Daily,Product Integration,0,100,True,Gold,Sunday
22170,672.0,Sala Wanetick and Emily Biegas,Joel Fagliano,Normal,2024-09-02,Daily,,0,100,True,Gold,Monday
22097,972.0,Alex Eaton-Salners,Joel Fagliano,Normal,2024-09-03,Daily,,0,100,True,Gold,Tuesday
22186,1747.0,Kareem Ayas,Joel Fagliano,Normal,2024-09-04,Daily,,0,100,True,Gold,Wednesday
22172,1081.0,Joe Deeney,Joel Fagliano,Normal,2024-09-05,Daily,,0,100,True,Gold,Thursday
22162,1242.0,Adrian Johnson,Joel Fagliano,Normal,2024-09-06,Daily,,0,100,True,Gold,Friday
22174,356.0,David P. Williams,Joel Fagliano,Normal,2024-09-07,Daily,,0,24,False,,Saturday
22199,2281.0,Meghan Morris,Joel Fagliano,Normal,2024-09-08,Daily,Life Milestones,0,100,True,Gold,Sunday
22197,675.0,Tim D'Alfonso,Joel Fagliano,Normal,2024-09-09,Daily,,0,100,True,Gold,Monday
22182,905.0,Daniel Bodily,Joel Fagliano,Normal,2024-09-10,Daily,,0,100,True,Gold,Tuesday
22198,1379.0,Barbara Lin,Joel Fagliano,Normal,2024-09-11,Daily,,0,100,True,Gold,Wednesday
22184,1022.0,Parker Higgins,Joel Fagliano,Normal,2024-09-12,Daily,,0,100,True,Gold,Thursday
22185,2877.0,Boaz Moser,Joel Fagliano,Normal,2024-09-13,Daily,,0,100,True,Gold,Friday
22183,,Christina Iverson,Joel Fagliano,Normal,2024-09-14,Daily,,0,0,False,,Saturday
22200,2215.0,Aimee Lucido,Joel Fagliano,Normal,2024-09-15,Daily,One for the Books,0,100,True,Gold,Sunday
22201,717.0,Robert Corridan,Joel Fagliano,Normal,2024-09-16,Daily,,0,100,True,Gold,Monday
22211,1028.0,Howard Neuthaler,Joel Fagliano,Normal,2024-09-17,Daily,,0,100,True,Gold,Tuesday
22208,1818.0,Casey Callaghan and Will Nediger,Joel Fagliano,Normal,2024-09-18,Daily,,0,100,True,Gold,Wednesday
22202,2390.0,Josh Goodman,Joel Fagliano,Normal,2024-09-19,Daily,,0,100,True,Gold,Thursday
22203,1239.0,Jackson Matz,Joel Fagliano,Normal,2024-09-20,Daily,,0,100,True,Gold,Friday
22209,,David Karp,Joel Fagliano,Normal,2024-09-21,Daily,,0,0,False,,Saturday
22173,,Jeremy Newton and Tracy Gray,Joel Fagliano,Normal,2024-09-22,Daily,Breakout Performance,0,0,False,,Sunday
22224,614.0,Freddie Cheng,Joel Fagliano,Normal,2024-09-23,Daily,,0,100,True,Gold,Monday
22217,620.0,Kevin L. Shellito,Joel Fagliano,Normal,2024-09-24,Daily,,0,100,True,Gold,Tuesday
22226,1447.0,Peter Gordon,Joel Fagliano,Normal,2024-09-25,Daily,,0,100,True,Gold,Wednesday
22225,1840.0,Jesse Guzman,Joel Fagliano,Normal,2024-09-26,Daily,,0,100,True,Gold,Thursday
22223,798.0,Jake Bunch,Joel Fagliano,Normal,2024-09-27,Daily,,0,49,False,,Friday
22219,,Margaret Seikel,Joel Fagliano,Normal,2024-09-28,Daily,,0,0,False,,Saturday
22227,2799.0,Joe Deeney,Joel Fagliano,Normal,2024-09-29,Daily,The Ayes Have It,0,100,True,Gold,Sunday
22246,399.0,Alexander Liebeskind,Joel Fagliano,Normal,2024-09-30,Daily,,0,100,True,Gold,Monday
22245,771.0,Kevin Curry and Jeff Chen,Joel Fagliano,Normal,2024-10-01,Daily,,0,100,True,Gold,Tuesday
22243,1673.0,Luke K. Schreiber,Joel Fagliano,Normal,2024-10-02,Daily,,0,100,True,,Wednesday
22247,2059.0,Rena Cohen,Joel Fagliano,Normal,2024-10-03,Daily,,0,100,True,Gold,Thursday
22238,193.0,Zhouqin Burnikel,Joel Fagliano,Normal,2024-10-04,Daily,,0,14,False,,Friday
22244,,Natan Last,Joel Fagliano,Normal,2024-10-05,Daily,,0,0,False,,Saturday
22105,3863.0,John Kugelman,Joel Fagliano,Normal,2024-10-06,Daily,Teacher's Marks,0,100,True,Gold,Sunday
22248,801.0,Desire Penner and Jeff Sinnock,Joel Fagliano,Normal,2024-10-07,Daily,,0,100,True,Gold,Monday
22252,1593.0,Justin Werfel,Joel Fagliano,Normal,2024-10-08,Daily,,0,100,True,Gold,Tuesday
22250,1297.0,Jeffrey Lease,Joel Fagliano,Normal,2024-10-09,Daily,,0,100,True,Gold,Wednesday
22249,1915.0,Grant Boroughs,Joel Fagliano,Normal,2024-10-10,Daily,,0,100,True,,Thursday
22251,2.0,Billy Bratton,Joel Fagliano,Normal,2024-10-11,Daily,,0,0,False,,Friday
22253,,Katie Hoody,Joel Fagliano,Normal,2024-10-12,Daily,,0,0,False,,Saturday
22235,3348.0,Gary Larson and Doug Peterson,Joel Fagliano,Normal,2024-10-13,Daily,Manual Dexterity,0,100,True,Gold,Sunday
22274,324.0,Dana Edwards,Joel Fagliano,Normal,2024-10-14,Daily,,0,100,True,Gold,Monday
22284,497.0,Lindsay Rosenblum,Joel Fagliano,Normal,2024-10-15,Daily,,0,100,True,Gold,Tuesday
22257,808.0,Hanh Huynh,Joel Fagliano,Normal,2024-10-16,Daily,,0,100,True,Gold,Wednesday
22265,1441.0,August Lee-Kovach,Joel Fagliano,Normal,2024-10-17,Daily,,0,100,True,Gold,Thursday
22285,,Jesse Cohn,Joel Fagliano,Normal,2024-10-18,Daily,,0,0,False,,Friday
22275,,August Miller,Joel Fagliano,Normal,2024-10-19,Daily,,0,0,False,,Saturday
22254,2477.0,Jerry Miccolis,Joel Fagliano,Normal,2024-10-20,Daily,Triple Features,0,100,True,Gold,Sunday
22293,708.0,Neil Padrick Wilson,Joel Fagliano,Normal,2024-10-21,Daily,,0,100,True,Gold,Monday
22298,844.0,Barbara Lin,Joel Fagliano,Normal,2024-10-22,Daily,,0,100,True,Gold,Tuesday
22286,1080.0,Matthew Stock and Brooke Husic,Joel Fagliano,Normal,2024-10-23,Daily,,0,100,True,Gold,Wednesday
22276,1672.0,Ella Dershowitz,Joel Fagliano,Normal,2024-10-24,Daily,,0,100,True,Gold,Thursday
22299,2084.0,Alex Murphy,Joel Fagliano,Normal,2024-10-25,Daily,,0,100,True,Gold,Friday
22296,305.0,Peter A. Collins,Joel Fagliano,Normal,2024-10-26,Daily,,0,19,False,,Saturday
22292,3884.0,Jeffrey Martinovic and Jeff Chen,Joel Fagliano,Normal,2024-10-27,Daily,Working the Night Shift,0,100,True,Gold,Sunday
22332,291.0,Michael Lieberman,Joel Fagliano,Normal,2024-10-28,Daily,,0,100,True,Gold,Monday
22310,694.0,Kathy Lowden,Joel Fagliano,Normal,2024-10-29,Daily,,0,100,True,Gold,Tuesday
22294,1112.0,Josh M. Kaufmann,Joel Fagliano,Normal,2024-10-30,Daily,,0,100,True,Gold,Wednesday
22322,1985.0,Sarah Sinclair and Paolo Pasco,Joel Fagliano,Normal,2024-10-31,Daily,,0,100,True,Gold,Thursday
22323,1459.0,Spencer Leach,Joel Fagliano,Normal,2024-11-01,Daily,,0,100,True,,Friday
22318,,Blake Slonecker,Joel Fagliano,Normal,2024-11-02,Daily,,0,0,False,,Saturday
22309,3391.0,Sid Sivakumar,Joel Fagliano,Normal,2024-11-03,Daily,Can I Have a Raise?,0,100,True,Gold,Sunday
22319,383.0,Colin Adams,Joel Fagliano,Normal,2024-11-04,Daily,,0,100,True,Gold,Monday
22287,729.0,Evan Kalish,Joel Fagliano,Normal,2024-11-05,Daily,,0,100,True,Gold,Tuesday
22297,906.0,Adam Aaronson,Joel Fagliano,Normal,2024-11-06,Daily,,0,100,True,Gold,Wednesday
22340,2100.0,Joe Deeney,Joel Fagliano,Normal,2024-11-07,Daily,,0,100,True,Gold,Thursday
22351,1077.0,Evans Clinchy,Joel Fagliano,Normal,2024-11-08,Daily,,0,55,False,,Friday
22343,3.0,Chandi Deitmer and Hoang-Kim Vu,Joel Fagliano,Normal,2024-11-09,Daily,,0,0,False,,Saturday
22329,2983.0,Sam Ezersky,Joel Fagliano,Normal,2024-11-10,Daily,From Start to Finish,0,100,True,Gold,Sunday
22321,274.0,Patrick Gramza and John Kugelman,Joel Fagliano,Normal,2024-11-11,Daily,,0,100,True,Gold,Monday
22339,1167.0,Avery Gee Katz and Aaron Gee,Joel Fagliano,Normal,2024-11-12,Daily,,0,100,True,Gold,Tuesday
22347,1140.0,Todd Gross,Joel Fagliano,Normal,2024-11-13,Daily,,0,100,True,Gold,Wednesday
22288,1744.0,Matthew Faiella,Joel Fagliano,Normal,2024-11-14,Daily,,0,100,True,Gold,Thursday
22356,1467.0,Alina Abidi,Joel Fagliano,Normal,2024-11-15,Daily,,0,100,True,Gold,Friday
22350,323.0,Peter Gordon,Joel Fagliano,Normal,2024-11-16,Daily,,0,23,False,,Saturday
22330,3133.0,Rebecca Goldstein and Ariela Perlman,Joel Fagliano,Normal,2024-11-17,Daily,Nothing But Blue Skies,0,100,True,,Sunday
22345,553.0,Rajeswari Rajamani,Joel Fagliano,Normal,2024-11-18,Daily,,0,100,True,Gold,Monday
22373,875.0,Erik Agard,Joel Fagliano,Normal,2024-11-19,Daily,,0,100,True,Gold,Tuesday
22361,1454.0,Robert S. Gard,Joel Fagliano,Normal,2024-11-20,Daily,,0,100,True,Gold,Wednesday
22374,2133.0,Katie Hoody,Joel Fagliano,Normal,2024-11-21,Daily,,0,100,True,Gold,Thursday
22371,1049.0,Sarah Sinclair and Rafael Musa,Joel Fagliano,Normal,2024-11-22,Daily,,0,70,False,,Friday
22376,,Ryan McCarty,Joel Fagliano,Normal,2024-11-23,Daily,,0,0,False,,Saturday
22352,3176.0,Alex Eaton-Salners,Joel Fagliano,Normal,2024-11-24,Daily,Shape Up or Ship Out,0,100,True,Gold,Sunday
22362,471.0,Dena R. Witkes,Joel Fagliano,Normal,2024-11-25,Daily,,0,100,True,Gold,Monday
22370,594.0,Killian Olson,Joel Fagliano,Normal,2024-11-26,Daily,,0,100,True,Gold,Tuesday
22398,1127.0,Jill Singer,Joel Fagliano,Normal,2024-11-27,Daily,,0,100,True,Gold,Wednesday
22397,1356.0,Ricky J. Sirois,Joel Fagliano,Normal,2024-11-28,Daily,,0,100,True,Gold,Thursday
22378,633.0,Willa Angel Chen Miller and Matthew Stock,Joel Fagliano,Normal,2024-11-29,Daily,,0,33,False,,Friday
22379,,Oliver Goodridge and Juan Garavito,Joel Fagliano,Normal,2024-11-30,Daily,,0,0,False,,Saturday
22375,2825.0,John Lieb,Joel Fagliano,Normal,2024-12-01,Daily,Drive Around the Block,0,100,True,Gold,Sunday
22409,456.0,Andrea Carla Michaels and Kevin Christian,Joel Fagliano,Normal,2024-12-02,Daily,,0,100,True,Gold,Monday
22372,624.0,Henry Lin-David,Joel Fagliano,Normal,2024-12-03,Daily,,0,100,True,Gold,Tuesday
22396,558.0,Robyn Weintraub,Joel Fagliano,Normal,2024-12-06,Daily,,0,40,False,,Friday
22404,,Luke K. Schreiber,Joel Fagliano,Normal,2024-12-07,Daily,,0,0,False,,Saturday
22405,1143.0,Garrett Chalfin,Joel Fagliano,Normal,2024-12-05,Daily,,0,100,True,Gold,Thursday
22406,3657.0,John Kugelman,Joel Fagliano,Normal,2024-12-08,Daily,Just for Fun,0,100,True,Gold,Sunday
22416,1139.0,Daniel Raymon,Joel Fagliano,Normal,2024-12-04,Daily,,0,100,True,Gold,Wednesday
